Emp ID,First Name,Last Name,DOB,SSN,State
1128,Jessica,Sheppard,05/24/1970,XXX-XX-4987,RI
1988,Sarah,Rodriguez,07/18/1986,XXX-XX-8700,WY
573,Steven,Parker,09/20/1981,XXX-XX-5891,NE
107,Patricia,Bennett,06/08/1984,XXX-XX-0424,LA
2040,Lisa,Mathis,01/27/1957,XXX-XX-3247,WI
1103,Dale,Garza,09/01/1982,XXX-XX-4719,MI
748,Jeffrey,Guerra,10/22/1983,XXX-XX-9519,VT
1516,Anthony,Martinez,01/16/1958,XXX-XX-0874,OR
1143,Jorge,Howard,04/18/1982,XXX-XX-0640,KY
1374,Jennifer,Austin,04/10/1984,XXX-XX-4858,WA
1517,Calvin,Sosa,02/28/1969,XXX-XX-8986,PA
1649,Isaac,Franco,08/29/1989,XXX-XX-3428,ND
566,Norman,Harris,02/10/1981,XXX-XX-7233,MN
965,Becky,Carroll,08/16/1992,XXX-XX-3619,TX
277,Kellie,Montgomery,03/11/1970,XXX-XX-8490,ME
696,Amber,Mullen,05/23/1987,XXX-XX-5573,NM
1356,Andrew,Bennett,10/02/1988,XXX-XX-5167,OK
1443,Jacob,Taylor,10/16/1988,XXX-XX-1835,CA
1423,Gregory,Day,06/07/1982,XXX-XX-9482,NV
160,Danielle,Smith,01/31/1972,XXX-XX-3726,AZ
1540,Nathan,Sims,06/29/1982,XXX-XX-4681,AK
1305,Lisa,Lawrence,12/19/1957,XXX-XX-9699,TN
299,Kristen,Morales,05/17/1963,XXX-XX-4085,SD
1285,Lee,Terry,02/26/1965,XXX-XX-3702,ME
172,Vincent,Williams,03/03/1974,XXX-XX-3233,OR
1837,James,Mcfarland,05/29/1992,XXX-XX-7711,TX
231,Arthur,Lawrence,06/11/1974,XXX-XX-4845,SC
743,Randy,Christian,11/01/1962,XXX-XX-4642,MT
290,Ashley,Hurley,08/20/1970,XXX-XX-6712,SD
1691,Sarah,Stewart,02/02/1969,XXX-XX-1055,IN
1744,Justin,Williams,06/09/1976,XXX-XX-4152,WA
615,Frederick,Sanchez,07/21/1978,XXX-XX-8901,OR
1427,Sarah,Baldwin,01/10/1964,XXX-XX-3313,SC
252,John,Larson,03/13/1989,XXX-XX-9091,CT
1418,Christina,Nielsen,04/18/1957,XXX-XX-4490,SD
732,Jesse,Jones,02/14/1959,XXX-XX-5626,VT
1198,Dorothy,Beltran,11/16/1986,XXX-XX-2110,LA
2116,Tammy,Brock,04/24/1992,XXX-XX-3729,MN
946,Melissa,Mitchell,03/25/1975,XXX-XX-6449,KS
921,James,Ramirez,06/09/1983,XXX-XX-6140,FL
1706,Benjamin,Long,12/25/1971,XXX-XX-4171,ND
2039,William,Shields,06/19/1970,XXX-XX-4599,TN
1378,Crystal,Brooks,11/27/1962,XXX-XX-4904,NY
772,Richard,Gilbert,10/11/1962,XXX-XX-7467,MO
1558,Beth,Davis,11/17/1990,XXX-XX-2566,DE
14,Tyler,Brown,07/13/1964,XXX-XX-0128,ME
513,Melissa,Duncan,03/20/1985,XXX-XX-5735,NH
1002,Alexandra,Berry,04/10/1973,XXX-XX-4917,CA
863,Ashley,Morgan,01/29/1957,XXX-XX-5705,ME
1026,Matthew,Beasley,05/30/1969,XXX-XX-7294,DE
433,Angela,Gregory,05/14/1980,XXX-XX-1822,AR
1404,Michelle,Smith,05/30/1991,XXX-XX-5222,ID
657,Kristopher,Meyer,04/06/1979,XXX-XX-4588,CO
1875,Patrick,Barron,11/25/1985,XXX-XX-9394,AK
285,Mike,Reeves,02/27/1963,XXX-XX-8915,GA
875,Heidi,Bell,07/05/1958,XXX-XX-9662,TN
586,Donald,Young,05/31/1991,XXX-XX-9174,ID
1831,Megan,Smith,12/23/1989,XXX-XX-9069,NH
1536,Cheryl,Barrera,07/29/1975,XXX-XX-3870,OR
624,Megan,Thomas,07/27/1967,XXX-XX-4278,AK
596,Lisa,Stone,01/02/1967,XXX-XX-2423,GA
500,Reginald,Smith,05/04/1976,XXX-XX-0992,VA
1954,Deborah,Ayers,06/05/1980,XXX-XX-8040,GA
1118,Steven,Roberts,04/10/1980,XXX-XX-1943,WV
1112,Savannah,Smith,01/29/1974,XXX-XX-3554,MS
66,Samantha,Thompson,04/11/1958,XXX-XX-8610,TN
1997,Lindsay,Cruz,03/14/1970,XXX-XX-9234,MD
1482,Edward,Hamilton,08/06/1972,XXX-XX-7328,NE
996,Michelle,Reed,06/11/1991,XXX-XX-3749,CA
1015,Jeffrey,Donaldson,08/22/1984,XXX-XX-4075,IA
2079,Brittany,Chavez,07/13/1982,XXX-XX-4926,WY
23,Christopher,Greene,07/15/1963,XXX-XX-3700,ME
1555,Robert,Rangel,01/30/1963,XXX-XX-5076,MT
728,Emily,Armstrong,11/10/1961,XXX-XX-5902,NH
836,Beth,Estrada,12/08/1957,XXX-XX-4848,NY
1620,Donna,Butler,06/12/1963,XXX-XX-3521,ID
1597,Cynthia,Wells,05/26/1990,XXX-XX-9753,ID
1270,Steve,Medina,11/10/1992,XXX-XX-2125,OH
1254,Sharon,Smith,10/31/1973,XXX-XX-8540,SC
579,Samuel,Velasquez,12/22/1973,XXX-XX-7602,MS
1157,Gabrielle,Martinez,12/25/1974,XXX-XX-5050,NC
621,Michelle,Johnson,11/10/1990,XXX-XX-3933,NJ
1013,Lauren,Scott,08/23/1988,XXX-XX-7641,NV
1251,Brittany,Wagner,01/10/1988,XXX-XX-0524,NM
2119,Michael,Romero,11/08/1988,XXX-XX-7219,WV
776,Jason,Kelley,06/16/1959,XXX-XX-3807,KS
1091,Brad,Jackson,12/27/1985,XXX-XX-9351,ME
700,Rodney,Jimenez,05/01/1976,XXX-XX-2089,IA
254,Steven,Williams,08/03/1972,XXX-XX-1509,HI
1821,Rebecca,Sanders,05/02/1970,XXX-XX-7371,ND
1595,Harold,Potts,04/02/1960,XXX-XX-7308,MD
1733,Lynn,Cortez,04/20/1975,XXX-XX-4492,OH
1213,Stephanie,Sanders,10/27/1986,XXX-XX-4035,TN
908,Tyler,Bridges,07/23/1990,XXX-XX-1025,LA
246,Edward,Jones,09/05/1972,XXX-XX-6467,IL
1125,Bruce,Smith,01/21/1961,XXX-XX-4804,AZ
870,Sheila,Bradshaw,10/07/1969,XXX-XX-1234,NH
57,Ernest,Jenkins,11/20/1966,XXX-XX-5113,WI
430,Lisa,Williams,01/21/1986,XXX-XX-0753,MS
226,Anna,Martinez,03/22/1977,XXX-XX-1449,ID
444,Lisa,Diaz,02/21/1975,XXX-XX-0151,NY
612,Amy,May,01/05/1974,XXX-XX-4123,NJ
75,Kathryn,Gibson,01/20/1960,XXX-XX-4605,WV
26,Timothy,Kirby,01/26/1972,XXX-XX-5417,OR
897,John,Chavez,02/14/1972,XXX-XX-4233,MI
1452,Spencer,Cole,10/12/1993,XXX-XX-3934,NV
419,Aaron,Klein,03/08/1975,XXX-XX-9830,WI
1552,Maxwell,Anderson,09/18/1966,XXX-XX-5300,DE
1764,Brian,Schultz,11/02/1969,XXX-XX-7839,MA
1920,Heather,Kramer,04/14/1959,XXX-XX-2420,IA
1420,Kimberly,Brown,09/16/1983,XXX-XX-7936,RI
1836,Justin,Davis,04/30/1973,XXX-XX-0965,WY
85,Evan,Johnson,03/03/1967,XXX-XX-8890,TX
543,Robert,Sanford,09/09/1975,XXX-XX-9997,ND
1283,Meagan,Lopez,06/08/1976,XXX-XX-7023,MS
1539,Shawn,Lindsey,10/11/1982,XXX-XX-9646,KS
972,Emily,Johnson,10/15/1978,XXX-XX-3801,NH
1544,Lance,Chambers,11/06/1990,XXX-XX-9888,KS
1669,John,Young,11/22/1956,XXX-XX-8229,AL
927,Marcus,Rogers,06/08/1976,XXX-XX-3011,KY
1456,Claudia,King,06/28/1975,XXX-XX-9304,NJ
979,David,Morton,06/24/1983,XXX-XX-2468,RI
2118,Christine,Hines,08/18/1964,XXX-XX-7354,NJ
1084,Kimberly,Rice,10/13/1974,XXX-XX-5904,SD
750,Joseph,Rose,03/19/1965,XXX-XX-3290,RI
758,Christina,Lynn,10/09/1976,XXX-XX-4326,MT
987,Kirk,Jones,06/29/1969,XXX-XX-7998,WI
799,John,Hughes,10/13/1960,XXX-XX-3398,NC
1563,Mariah,Brown,05/08/1969,XXX-XX-4973,ME
1359,Anthony,Kelly,08/11/1993,XXX-XX-0866,SD
1163,Stephanie,Hamilton,01/27/1957,XXX-XX-5919,WV
1083,Antonio,Pitts,08/31/1963,XXX-XX-6298,FL
1514,Michael,Rowland,02/07/1972,XXX-XX-1666,ID
1490,Barbara,Mitchell,02/08/1967,XXX-XX-8486,NC
353,Lindsey,Knight,10/06/1990,XXX-XX-2460,NJ
1571,Kristi,Young,06/19/1986,XXX-XX-2756,KS
1560,Martha,Castillo,05/16/1964,XXX-XX-7382,SD
1176,Denise,Wilson,10/17/1984,XXX-XX-7310,WV
1309,Michelle,Taylor,12/14/1980,XXX-XX-5485,WI
694,Christine,Miller,11/23/1979,XXX-XX-5053,TX
1728,Thomas,Fisher,05/01/1959,XXX-XX-5388,HI
1079,Isaac,Mathis,04/22/1963,XXX-XX-7781,AZ
1204,Stephanie,Welch,08/07/1967,XXX-XX-8938,LA
1466,Chelsea,Lang,11/05/1986,XXX-XX-7524,HI
1255,Christopher,Mcguire,07/09/1964,XXX-XX-5513,NY
28,Charles,Heath,11/19/1970,XXX-XX-8882,MT
1241,Karen,Mcgee,11/26/1961,XXX-XX-0476,VA
2018,Michael,Waller,03/28/1961,XXX-XX-3017,TX
1928,Robert,Thompson,12/08/1970,XXX-XX-9037,WV
1905,Leslie,Nichols,12/08/1970,XXX-XX-3232,MN
889,Amy,Reed,10/22/1963,XXX-XX-1180,NY
623,Nicole,Harris,01/25/1970,XXX-XX-5820,MO
1454,James,Newman,07/02/1994,XXX-XX-3909,AR
1790,Tristan,Vasquez,03/30/1961,XXX-XX-1028,KS
416,Robert,Fritz,06/03/1966,XXX-XX-3095,DE
459,Stephen,Foster,07/07/1986,XXX-XX-2622,CO
1930,David,Robertson,11/08/1985,XXX-XX-2514,MS
1402,Michael,Chang,08/09/1983,XXX-XX-8493,NV
1682,Amy,Martinez,08/02/1959,XXX-XX-1543,WV
805,Benjamin,Johnson,04/26/1974,XXX-XX-9312,MO
1767,Anthony,Moore,12/22/1959,XXX-XX-1898,IN
1231,Amy,Burns,08/26/1960,XXX-XX-6040,TN
1849,Bryan,Nelson,04/11/1975,XXX-XX-0949,IL
1228,Bryan,Larsen,10/16/1960,XXX-XX-7673,OH
1439,Robert,Barr,03/26/1981,XXX-XX-5223,VA
2000,Kathleen,Johnson,04/19/1985,XXX-XX-1364,ME
991,Sean,Conley,08/02/1983,XXX-XX-5803,NV
506,Kirsten,Ho,11/23/1974,XXX-XX-6496,ME
11,Nicholas,Harrison,12/22/1958,XXX-XX-5796,NY
451,Cheyenne,Downs,11/09/1966,XXX-XX-0100,RI
603,Kevin,Manning,04/07/1976,XXX-XX-9575,MT
486,Marie,Novak,09/23/1961,XXX-XX-8322,NJ
186,Derrick,Martin,01/21/1959,XXX-XX-7014,NJ
502,Melissa,King,03/25/1958,XXX-XX-3851,OR
176,Adam,Cherry,09/27/1981,XXX-XX-1736,ID
374,Andrea,Mcneil,04/11/1986,XXX-XX-3917,HI
545,Alison,Torres,01/18/1992,XXX-XX-2807,OR
1918,Michelle,Taylor,02/24/1986,XXX-XX-9645,MN
1751,Jesus,Young,04/14/1966,XXX-XX-4117,IA
1183,Cody,Smith,05/19/1958,XXX-XX-1743,GA
200,Jessica,Collins,11/12/1987,XXX-XX-1222,MN
1511,Kyle,Perkins,11/18/1966,XXX-XX-9580,MI
704,Cindy,Sellers,01/14/1957,XXX-XX-1112,GA
65,Casey,Weaver,03/20/1991,XXX-XX-6829,SC
2057,Debra,Ford,12/11/1971,XXX-XX-4528,MO
1481,Kathleen,Smith,12/31/1980,XXX-XX-3766,CO
1708,Alexander,Collins,05/29/1984,XXX-XX-9653,SD
1030,Rebecca,Oneal,10/01/1975,XXX-XX-7157,SC
914,Angela,Wilson,12/19/1967,XXX-XX-6254,AR
368,Kelsey,Ramirez,11/22/1978,XXX-XX-8811,NC
1513,Ivan,Hill,08/28/1968,XXX-XX-0083,OH
1284,Kevin,Lane,05/31/1982,XXX-XX-7964,LA
1153,Kevin,Jimenez,05/24/1960,XXX-XX-4965,VT
407,Edward,Hall,02/24/1991,XXX-XX-0151,NC
1219,Lisa,Jacobson,12/08/1969,XXX-XX-5217,CT
455,Jeremy,Perez,06/22/1990,XXX-XX-3952,TX
1625,Morgan,Rodriguez,02/13/1988,XXX-XX-9618,NC
1090,Matthew,Meadows,07/20/1974,XXX-XX-5815,ID
372,Lisa,Stephens,06/22/1994,XXX-XX-6572,AZ
1607,William,Wilkerson,11/30/1968,XXX-XX-4399,GA
148,Kristina,Young,09/22/1987,XXX-XX-8377,IA
1553,Susan,Reid,06/26/1965,XXX-XX-2591,NJ
705,Elizabeth,Turner,11/25/1967,XXX-XX-5101,NC
1350,Whitney,Goodman,02/20/1989,XXX-XX-6689,IN
292,Erica,Thomas,07/29/1977,XXX-XX-0938,KS
2097,Hailey,Riggs,04/01/1972,XXX-XX-2619,CO
1099,Jeffery,Webster,10/23/1959,XXX-XX-3861,TN
1959,Elizabeth,Anderson,04/21/1984,XXX-XX-1828,TN
1651,Jessica,Jackson,01/01/1985,XXX-XX-4999,MD
1034,Jim,Williams,11/30/1973,XXX-XX-4033,DE
1336,Michael,Lane,03/09/1967,XXX-XX-2550,TX
2054,Pamela,Guerra,07/31/1959,XXX-XX-0796,AK
1509,Scott,Brown,03/28/1978,XXX-XX-6997,MT
131,Alexis,Medina,10/03/1974,XXX-XX-2841,MI
140,Kimberly,Robles,08/25/1984,XXX-XX-3199,WV
937,Joel,Lara,03/06/1959,XXX-XX-1980,CT
1277,Chelsea,Rivera,02/14/1986,XXX-XX-1067,MI
720,Brandon,Davis,02/06/1959,XXX-XX-9493,NV
2092,George,Summers,09/22/1993,XXX-XX-6604,NV
729,Heather,Martinez,04/08/1977,XXX-XX-3793,OK
1502,Sharon,Jones,02/10/1986,XXX-XX-0973,ND
786,Gabriela,Stewart,07/22/1987,XXX-XX-4654,WY
1898,Mary,Camacho,08/29/1967,XXX-XX-4308,OK
681,Rebecca,Lewis,12/04/1981,XXX-XX-9952,NJ
2022,Michelle,Patel,07/19/1959,XXX-XX-1627,IA
42,Joel,Stanton,11/30/1984,XXX-XX-9603,RI
1527,Carly,Robinson,04/07/1990,XXX-XX-8685,VA
661,Jocelyn,Boyd,04/08/1976,XXX-XX-3078,CT
1409,Mark,Hayes,11/04/1979,XXX-XX-3981,MI
1683,Nicole,Gordon,11/26/1974,XXX-XX-2074,KY
334,Kevin,Cummings,11/10/1963,XXX-XX-9813,MA
855,Brianna,Coleman,06/22/1986,XXX-XX-4898,ID
448,Tamara,Nash,12/10/1985,XXX-XX-4178,SC
134,Rodney,Hart,12/13/1975,XXX-XX-2389,AZ
1156,Steven,Martin,04/03/1970,XXX-XX-6426,KY
472,Denise,Alexander,03/14/1992,XXX-XX-1207,OK
809,Erin,Brown,05/23/1980,XXX-XX-5035,WY
1576,Joseph,Schmidt,04/29/1994,XXX-XX-7769,IL
1000,Paul,Villa,08/23/1973,XXX-XX-4562,NC
524,Harold,Torres,10/01/1982,XXX-XX-9806,WV
366,William,Richmond,03/29/1983,XXX-XX-4633,LA
960,Mary,Day,02/14/1982,XXX-XX-5865,IN
311,Jennifer,Fuentes,04/14/1973,XXX-XX-5121,GA
1783,Brandon,Sanders,12/07/1962,XXX-XX-1120,WI
1394,Kathy,Wilson,01/18/1967,XXX-XX-1177,MO
688,Joseph,Ward,08/07/1959,XXX-XX-9600,VA
1347,Jessica,Gillespie,03/03/1986,XXX-XX-0215,AL
38,Anthony,Hopkins,08/08/1988,XXX-XX-2095,IA
721,Brittany,Owens,04/21/1990,XXX-XX-3729,ME
235,James,Hunter,04/01/1991,XXX-XX-0818,GA
1798,Jason,Soto,03/09/1968,XXX-XX-5038,AK
563,Brandon,Phillips,06/20/1986,XXX-XX-2666,AL
302,Emily,Cox,04/03/1973,XXX-XX-1929,NC
2033,Kayla,Reese,12/21/1969,XXX-XX-6984,NE
1065,Gavin,Rivera,10/04/1972,XXX-XX-6271,SD
1188,Miranda,Mcdonald,11/29/1972,XXX-XX-4147,MI
1037,Jerry,Wilson,09/05/1962,XXX-XX-6641,IA
1584,Barbara,Oconnor,11/15/1982,XXX-XX-9780,WV
860,Audrey,Moss,01/07/1969,XXX-XX-5042,WV
415,Courtney,Bennett,09/27/1987,XXX-XX-4205,IL
584,James,Rangel,07/10/1982,XXX-XX-4627,ME
1757,Samantha,Martin,10/15/1988,XXX-XX-1617,LA
1041,Rachel,Neal,04/09/1991,XXX-XX-2388,ME
641,Linda,Brown,06/03/1985,XXX-XX-0152,MS
1960,Valerie,Cummings,09/04/1969,XXX-XX-3223,WI
1662,Jacqueline,Hoffman,10/23/1961,XXX-XX-2618,ID
590,Miguel,Buck,03/05/1985,XXX-XX-6117,WI
1570,Charles,Garrison,07/18/1957,XXX-XX-2506,TX
736,John,Wright,06/10/1990,XXX-XX-9753,LA
1533,Amy,Pratt,02/25/1988,XXX-XX-1616,AK
2082,Spencer,Clark,02/14/1957,XXX-XX-1777,VT
1619,Christopher,Johnson,05/14/1975,XXX-XX-0661,OH
1494,Stephanie,Goodwin,03/07/1970,XXX-XX-4487,NH
491,Kimberly,Rasmussen,12/06/1981,XXX-XX-5834,NJ
1982,Rachel,Hayes,05/18/1983,XXX-XX-3885,OR
2028,Tony,Pitts,12/23/1988,XXX-XX-5643,AZ
1280,Joshua,Adams,01/29/1976,XXX-XX-5919,OR
310,Anthony,Smith,03/29/1962,XXX-XX-0832,LA
1435,Tiffany,Vargas,12/16/1968,XXX-XX-3210,ME
422,Brian,Fry,11/20/1972,XXX-XX-2425,MI
323,Jesse,Jones,04/11/1989,XXX-XX-5926,WV
821,Mark,Allen,10/17/1978,XXX-XX-5259,AZ
206,Evan,Bryan,12/22/1977,XXX-XX-2978,OR
2023,Zoe,Wilson,10/30/1989,XXX-XX-9478,VA
740,Jerome,Burns,06/16/1961,XXX-XX-4140,HI
352,Michael,Roberts,06/19/1980,XXX-XX-1994,CA
1643,Jonathan,Marsh,03/11/1962,XXX-XX-2496,AL
815,Amanda,Barrett,12/05/1976,XXX-XX-4090,ND
1036,Andrew,Davis,11/23/1993,XXX-XX-9582,KS
1467,Audrey,Little,03/13/1965,XXX-XX-7930,AL
1652,Scott,Yates,07/16/1974,XXX-XX-2195,MN
1847,Charles,Harper,09/15/1964,XXX-XX-4143,KY
1968,Gabrielle,Morris,03/28/1966,XXX-XX-7804,PA
1425,Rachel,Howard,02/24/1980,XXX-XX-8484,WY
1739,Diane,Clark,04/17/1972,XXX-XX-4221,SD
1824,Cynthia,Davis,10/26/1962,XXX-XX-4868,OR
317,Cynthia,Cortez,11/06/1972,XXX-XX-6986,MA
910,Jennifer,Bradley,05/22/1984,XXX-XX-4366,MI
523,Austin,Cervantes,08/26/1978,XXX-XX-0673,MO
982,Christopher,Werner,11/06/1961,XXX-XX-2052,MI
929,Joseph,Avila,05/09/1971,XXX-XX-6515,IN
1926,Douglas,Saunders,11/24/1990,XXX-XX-7909,NE
1129,Robin,Rios,03/25/1971,XXX-XX-5116,WY
2068,Matthew,Kirby,04/09/1978,XXX-XX-5264,VT
280,Carol,Jones,09/23/1988,XXX-XX-8830,VT
1147,Larry,Cook,10/18/1987,XXX-XX-4533,NV
1641,Paul,Taylor,08/27/1993,XXX-XX-2129,NM
1057,Charlotte,Townsend,06/15/1978,XXX-XX-2012,IA
1316,Andrew,Molina,06/23/1959,XXX-XX-9589,IN
401,Christina,Blevins,03/12/1976,XXX-XX-5666,WV
834,Amy,Nixon,08/26/1958,XXX-XX-8968,WV
818,Lori,Wade,07/25/1978,XXX-XX-1684,MN
1768,Cassandra,Knight,06/16/1977,XXX-XX-3338,OR
1095,Timothy,Miller,03/25/1967,XXX-XX-4271,DE
1760,Matthew,Byrd,11/19/1963,XXX-XX-2667,CT
1438,Eric,Cross,11/19/1982,XXX-XX-2123,IL
691,Keith,Fisher,08/08/1968,XXX-XX-8435,NH
142,Brian,Wiley,11/24/1990,XXX-XX-7693,PA
708,Katherine,Cain,09/07/1976,XXX-XX-1330,NE
1101,Lisa,Little,12/05/1985,XXX-XX-9815,DE
168,Elizabeth,Martin,05/05/1979,XXX-XX-1796,IL
1743,Kimberly,Rangel,09/16/1990,XXX-XX-8213,NJ
345,Michele,Cameron,10/26/1969,XXX-XX-5529,NC
193,Carolyn,James,09/26/1980,XXX-XX-8421,OK
919,Shannon,Stephens,02/03/1982,XXX-XX-1082,OK
1422,Paul,Thomas,08/20/1988,XXX-XX-1201,ND
850,Jennifer,Silva,02/13/1984,XXX-XX-2957,NH
1445,Olivia,Price,01/15/1991,XXX-XX-3802,NJ
251,William,Mendoza,01/16/1963,XXX-XX-7434,TN
464,Robert,Hill,12/11/1974,XXX-XX-9668,AK
1746,Christopher,Harris,08/12/1990,XXX-XX-3876,AZ
1940,Anna,Bradshaw,07/29/1967,XXX-XX-9055,IN
726,Stephanie,Gomez,10/21/1977,XXX-XX-9738,AR
757,Travis,Huber,07/26/1991,XXX-XX-0959,NJ
1458,Frederick,Jackson,05/13/1992,XXX-XX-1210,NH
269,Robert,Shaw,01/31/1980,XXX-XX-6108,IN
255,Brianna,Black,04/06/1973,XXX-XX-0172,OR
305,Thomas,Moon,04/24/1986,XXX-XX-9313,MO
367,Cynthia,Brown,08/05/1993,XXX-XX-1496,RI
1038,Christopher,Bailey,03/13/1957,XXX-XX-8123,IA
1762,Adam,Perkins,07/10/1983,XXX-XX-5728,WY
369,Anita,Gray,01/26/1966,XXX-XX-2599,WI
1138,Michelle,Hall,02/04/1991,XXX-XX-4844,NY
1022,Matthew,Mcdaniel,06/16/1967,XXX-XX-8605,ID
737,Renee,Freeman,02/13/1992,XXX-XX-2091,UT
1375,Donald,Williams,10/28/1971,XXX-XX-9180,AK
50,Karen,Leach,08/20/1971,XXX-XX-8595,IL
2085,Andrew,Bailey,03/20/1974,XXX-XX-3535,WV
2055,Leslie,Obrien,11/20/1980,XXX-XX-6722,HI
828,Michael,Garcia,10/15/1977,XXX-XX-4735,KY
1835,Tina,Hopkins,03/08/1973,XXX-XX-4551,AR
882,Kelsey,Pierce,06/11/1959,XXX-XX-5971,UT
253,John,Robinson,08/18/1992,XXX-XX-6499,IA
188,Sandra,Cooper,01/07/1961,XXX-XX-0052,MD
534,Morgan,Serrano,01/01/1967,XXX-XX-8728,TN
1440,Arthur,Jones,12/08/1976,XXX-XX-7004,NH
1426,Michele,Kane,03/18/1991,XXX-XX-0762,CO
163,Justin,Chambers,12/11/1974,XXX-XX-6828,RI
1967,Victoria,Odonnell,11/15/1990,XXX-XX-7860,ID
1148,Robert,Tate,06/19/1958,XXX-XX-7912,DE
1441,Kimberly,Harrison,01/22/1983,XXX-XX-8825,KS
395,Madison,Herrera,10/10/1994,XXX-XX-7928,NJ
1495,Pamela,Duke,01/29/1991,XXX-XX-0016,VT
1983,Michelle,Mahoney,08/24/1967,XXX-XX-1696,MD
483,Emma,Rivera,12/01/1968,XXX-XX-2448,MN
1018,Timothy,Kidd,10/16/1969,XXX-XX-8122,CO
2088,Robert,Anderson,03/28/1960,XXX-XX-8513,AR
521,Lauren,Christian,04/07/1974,XXX-XX-1600,AZ
156,Robert,Leblanc,08/06/1989,XXX-XX-6589,MO
250,Samuel,Oneill,12/28/1969,XXX-XX-1134,RI
1919,Jessica,Davis,07/21/1991,XXX-XX-8089,WA
790,Robert,Hall,06/20/1976,XXX-XX-1556,OR
350,Jimmy,Williams,01/12/1966,XXX-XX-3576,ID
1961,Angelica,Stephenson,06/26/1989,XXX-XX-2867,UT
476,Sabrina,Brooks,05/04/1963,XXX-XX-6105,WA
1593,Andrew,Scott,04/18/1992,XXX-XX-5721,ME
1291,John,Johnson,09/02/1970,XXX-XX-4967,MI
149,Brandon,Lewis,07/17/1965,XXX-XX-7154,GA
1001,Brandon,Williams,06/04/1967,XXX-XX-1612,SC
1773,Brad,Mullins,01/25/1967,XXX-XX-0326,WV
2012,Philip,Murphy,05/23/1966,XXX-XX-1846,WV
832,Justin,Webster,08/29/1957,XXX-XX-6035,KY
1923,Tiffany,Brown,04/04/1980,XXX-XX-5633,PA
278,Jeff,Hall,03/10/1970,XXX-XX-4574,NJ
1408,Jason,Hernandez,06/19/1957,XXX-XX-6120,MS
8,Patrick,Flores,12/05/1981,XXX-XX-5389,TX
2083,Samantha,Arnold,11/29/1987,XXX-XX-6311,DE
879,Jamie,Garcia,05/22/1982,XXX-XX-4211,VT
304,Samantha,Barnes,12/26/1967,XXX-XX-5686,CT
667,Jason,Kelly,08/30/1969,XXX-XX-6812,NC
1314,Kimberly,Brown,05/09/1966,XXX-XX-7723,NM
2064,Kristen,Lopez,01/26/1973,XXX-XX-0026,KS
712,Megan,Christian,03/09/1977,XXX-XX-1901,RI
854,Brianna,Cole,01/19/1969,XXX-XX-1009,WY
297,Michael,Lee,12/25/1985,XXX-XX-8986,IA
741,Jason,Flores,08/06/1982,XXX-XX-7461,ND
1929,Matthew,Conway,01/14/1974,XXX-XX-8056,IL
256,Katie,Chavez,07/22/1994,XXX-XX-4583,OH
887,Michael,Johnson,03/01/1981,XXX-XX-8551,AR
771,Kimberly,Morrison,10/29/1966,XXX-XX-2813,NC
1349,Michelle,Lopez,07/24/1966,XXX-XX-5544,OH
989,Willie,Washington,01/06/1968,XXX-XX-5431,OH
1911,Timothy,Palmer,12/18/1990,XXX-XX-9679,TX
531,Melvin,Coleman,02/23/1989,XXX-XX-1451,NY
755,Jessica,Mcguire,04/11/1978,XXX-XX-4362,AR
1680,Rachael,Dunlap,10/10/1981,XXX-XX-1019,VA
780,James,Oconnor,08/30/1981,XXX-XX-3755,ID
1592,Ronald,Koch,01/31/1994,XXX-XX-2722,RI
1809,Edward,Johnson,11/15/1989,XXX-XX-2991,AR
538,Julie,King,02/26/1986,XXX-XX-6609,NH
421,Katherine,Vargas,10/05/1969,XXX-XX-7601,AZ
1178,Linda,Finley,01/15/1965,XXX-XX-5300,SC
1401,Peter,Gardner,10/11/1959,XXX-XX-8035,DE
1307,Aaron,Anderson,11/26/1976,XXX-XX-6955,MO
1585,Laura,Nichols,04/13/1989,XXX-XX-0883,OK
565,Dale,Watkins,10/26/1994,XXX-XX-9944,AR
1043,Kenneth,Smith,07/06/1958,XXX-XX-4322,GA
209,Kristen,Thompson,05/15/1961,XXX-XX-7294,KY
1421,Brittany,Short,06/01/1975,XXX-XX-4026,MA
742,Diane,Henson,10/24/1987,XXX-XX-8999,DE
569,Dominic,Alvarado,02/26/1989,XXX-XX-8246,NM
549,Carol,Harris,02/03/1958,XXX-XX-1996,PA
646,Carolyn,Rodriguez,09/30/1979,XXX-XX-6457,ME
841,Virginia,Collins,07/14/1981,XXX-XX-9157,NC
1288,James,Green,12/14/1983,XXX-XX-0300,MS
560,James,Hall,08/20/1961,XXX-XX-5656,ND
1754,Alexa,Hoffman,02/15/1976,XXX-XX-6980,DE
1608,Brittany,Jenkins,07/10/1985,XXX-XX-3941,DE
1820,Anthony,Hatfield,04/30/1991,XXX-XX-1190,CA
814,Danielle,Moore,04/20/1961,XXX-XX-2190,IN
793,Stephanie,Hooper,12/13/1961,XXX-XX-5031,OH
803,Dawn,Schmidt,04/28/1985,XXX-XX-1921,IL
602,Teresa,Johnson,08/07/1971,XXX-XX-3185,PA
1382,David,Costa,10/01/1976,XXX-XX-1318,DE
998,Thomas,Ryan,02/24/1993,XXX-XX-5795,GA
303,Kaylee,Morris,10/30/1958,XXX-XX-6276,NH
469,Brandon,Ramsey,05/24/1983,XXX-XX-9477,OK
371,Brandi,Smith,12/07/1959,XXX-XX-0849,MT
1546,Michael,Kramer,01/07/1965,XXX-XX-4739,TX
1340,Jennifer,Collins,08/28/1994,XXX-XX-9156,NV
68,Kathleen,Cordova,12/15/1962,XXX-XX-2943,OR
1749,Cheryl,Adams,06/11/1958,XXX-XX-5218,OR
505,Jeff,Myers,09/11/1981,XXX-XX-0450,CT
127,Edwin,Barnes,03/10/1963,XXX-XX-4450,OK
1942,Adam,Vaughan,02/16/1974,XXX-XX-7162,PA
132,Brittany,Johnson,01/14/1965,XXX-XX-1617,WY
942,Jennifer,King,05/04/1971,XXX-XX-3483,WV
77,Thomas,Collins,12/23/1975,XXX-XX-8157,NJ
390,Victoria,Lee,04/30/1966,XXX-XX-5617,CT
1306,Elizabeth,Hubbard,06/12/1959,XXX-XX-2613,IL
981,Sarah,Zamora,11/13/1992,XXX-XX-2194,LA
671,Melissa,Stewart,07/09/1970,XXX-XX-2528,IA
54,Alexis,Mccoy,03/10/1969,XXX-XX-5527,NH
211,Steven,Phillips,08/04/1970,XXX-XX-2964,MT
1992,Alyssa,Evans,03/05/1994,XXX-XX-6349,WY
1610,Charlotte,Nelson,12/06/1973,XXX-XX-9600,VA
411,Peter,Harding,06/13/1973,XXX-XX-7320,WI
45,Scott,Hendricks,11/16/1974,XXX-XX-1123,NM
816,Tara,Martinez,08/09/1990,XXX-XX-1744,VA
3,Christopher,Shaw,02/25/1989,XXX-XX-2623,UT
1062,Priscilla,Franklin,09/14/1975,XXX-XX-0352,AK
680,Pamela,Rogers,12/31/1964,XXX-XX-3578,NC
1146,Steven,Walters,09/02/1991,XXX-XX-6866,KY
1697,Emily,Thompson,02/18/1990,XXX-XX-2519,AZ
964,Jason,Peterson,08/20/1989,XXX-XX-6448,MI
1613,Bethany,Casey,08/06/1969,XXX-XX-1342,MS
528,John,Ford,11/05/1986,XXX-XX-5334,OH
170,Robert,Levy,06/10/1976,XXX-XX-7263,NC
1411,Edward,Peters,06/02/1976,XXX-XX-0801,WA
1679,William,Bush,06/21/1976,XXX-XX-0131,CT
1127,Duane,Williams,01/27/1961,XXX-XX-9445,OK
9,William,Edwards,06/21/1992,XXX-XX-9569,TN
2073,Roger,Wall,04/17/1969,XXX-XX-4292,AL
516,Nancy,Moore,03/09/1973,XXX-XX-7870,DE
1179,Deborah,Morales,05/24/1963,XXX-XX-7227,CT
1106,Cody,Leon,04/26/1992,XXX-XX-9067,MA
1756,Mandy,Greer,11/15/1987,XXX-XX-9670,NY
824,Brenda,Kent,08/09/1961,XXX-XX-9315,NY
402,Jonathan,Ramirez,12/16/1981,XXX-XX-8612,NM
1893,Steven,Thompson,01/19/1973,XXX-XX-5311,MO
553,Michael,Monroe,04/18/1983,XXX-XX-0960,OR
1980,Samuel,Santos,03/14/1990,XXX-XX-2063,OK
2046,Lori,Martinez,11/16/1959,XXX-XX-8278,NE
293,Paul,Green,10/06/1975,XXX-XX-3279,AR
1857,Jessica,Harris,01/25/1994,XXX-XX-7804,VA
1717,Jacob,Archer,03/13/1961,XXX-XX-3018,MO
1096,Amanda,Fisher,03/15/1967,XXX-XX-9755,AR
745,Cynthia,Bonilla,03/23/1979,XXX-XX-7002,TN
109,Clarence,Daniels,08/06/1992,XXX-XX-9651,OR
2112,David,Wood,03/22/1979,XXX-XX-9249,NC
1189,Matthew,Moore,04/13/1991,XXX-XX-4233,WY
1058,Alexandra,Paul,09/30/1991,XXX-XX-8532,TX
581,Kim,Wells,01/13/1981,XXX-XX-5644,NM
1528,Thomas,Cortez,08/08/1959,XXX-XX-9213,LA
1216,Nicole,Rodriguez,11/28/1972,XXX-XX-4951,OK
405,Katherine,Hernandez,02/08/1988,XXX-XX-0837,FL
550,Allen,Perez,08/24/1971,XXX-XX-9596,AZ
686,Jacob,Martinez,04/16/1965,XXX-XX-0313,KS
498,Jacqueline,Cooper,03/08/1963,XXX-XX-9512,DE
905,Stephanie,Davis,10/17/1968,XXX-XX-9170,MT
1033,Cathy,Mcgee,02/03/1959,XXX-XX-8652,VT
619,Margaret,Smith,05/05/1968,XXX-XX-7479,SD
2113,Gina,Bauer,08/13/1963,XXX-XX-1576,HI
2111,James,Lucero,02/19/1961,XXX-XX-9626,AK
1159,Daniel,Morrison,02/11/1976,XXX-XX-5212,MA
536,Vanessa,Rodriguez,10/21/1958,XXX-XX-6073,NH
1535,Lauren,Perez,07/03/1981,XXX-XX-9578,ME
220,Alicia,Andrade,02/04/1977,XXX-XX-0807,CT
1168,Carlos,Gibson,09/16/1962,XXX-XX-6761,WI
1415,Kathryn,Sanchez,03/03/1972,XXX-XX-9884,NV
580,Thomas,Stout,08/27/1990,XXX-XX-5841,MS
1784,Nicholas,Rice,04/21/1980,XXX-XX-5065,HI
1144,Jamie,Shields,12/19/1983,XXX-XX-8231,OH
1357,Holly,Jones,07/06/1958,XXX-XX-4145,GA
48,Aaron,Jones,09/29/1987,XXX-XX-6140,ID
32,Heidi,Fowler,02/19/1964,XXX-XX-4145,RI
765,Katherine,Benson,12/10/1969,XXX-XX-8721,SC
1442,Linda,Robbins,04/21/1985,XXX-XX-7171,KY
265,Joseph,Martin,07/24/1987,XXX-XX-3577,MN
1823,Anthony,Burns,02/15/1969,XXX-XX-2863,VT
1393,Richard,Hahn,03/06/1961,XXX-XX-5875,TN
87,Jennifer,Romero,08/14/1961,XXX-XX-4582,AL
768,John,Munoz,04/16/1991,XXX-XX-5426,CA
2001,Katherine,Maynard,01/14/1975,XXX-XX-4906,NJ
902,Willie,Raymond,05/19/1961,XXX-XX-4564,MT
1840,Eric,Aguilar,06/19/1960,XXX-XX-8610,WI
1074,Tasha,Marquez,06/19/1957,XXX-XX-7993,KY
999,Howard,Byrd,04/10/1986,XXX-XX-5376,MI
1379,David,Cummings,02/13/1983,XXX-XX-7451,OR
1376,Jeanette,Kirk,12/28/1981,XXX-XX-2769,WV
532,Melissa,Herman,04/11/1988,XXX-XX-7654,WI
40,Mark,Norris,04/11/1976,XXX-XX-4486,MT
1323,Maria,Patterson,02/09/1960,XXX-XX-5543,TX
1551,Steven,Smith,03/12/1983,XXX-XX-6077,NH
21,Rose,May,08/29/1982,XXX-XX-7332,WY
1600,Christopher,Santiago,04/22/1967,XXX-XX-0657,UT
931,Shannon,Martinez,01/11/1992,XXX-XX-2174,AL
1623,Austin,Smith,02/16/1964,XXX-XX-4922,WI
1276,Brian,Myers,04/19/1961,XXX-XX-8072,FL
81,Michael,Davis,01/20/1987,XXX-XX-5600,NJ
842,Nicole,Dudley,07/08/1967,XXX-XX-2651,AZ
456,Ashley,Hill,01/03/1964,XXX-XX-0671,SC
723,Adam,Martinez,11/01/1991,XXX-XX-2549,NY
777,Isabella,Carr,10/09/1968,XXX-XX-2902,IN
191,Daniel,Morales,03/21/1963,XXX-XX-5432,HI
1295,Andrew,Williams,11/30/1986,XXX-XX-6925,ID
955,Cody,King,07/27/1962,XXX-XX-8237,CO
1913,Angela,Gonzales,08/27/1966,XXX-XX-8623,MS
1397,Adam,Arnold,11/18/1978,XXX-XX-3401,WI
1556,John,Bender,10/07/1970,XXX-XX-0475,AR
608,Megan,Jenkins,11/25/1982,XXX-XX-3819,NV
1644,Darren,Frederick,01/24/1981,XXX-XX-8624,CT
485,Karen,Pena,08/05/1970,XXX-XX-1440,DE
1924,Marcus,Barnes,10/11/1989,XXX-XX-0858,HI
153,Steven,Williams,09/09/1964,XXX-XX-2930,GA
2096,Anna,Anderson,05/18/1969,XXX-XX-3943,WA
1538,Patricia,Lucas,03/21/1959,XXX-XX-9386,OK
441,John,Johnson,12/27/1988,XXX-XX-6649,MN
1883,Sara,Lam,10/11/1970,XXX-XX-9907,IN
1366,Anne,Moore,08/13/1959,XXX-XX-6421,MN
1051,Christopher,Shepherd,02/09/1974,XXX-XX-5640,RI
794,David,Brock,12/08/1958,XXX-XX-8176,IA
1373,Tina,Morgan,08/17/1986,XXX-XX-6007,KS
872,Lisa,Terry,10/07/1977,XXX-XX-5940,SD
1817,Virginia,Simmons,07/26/1982,XXX-XX-2224,FL
851,Laura,Brooks,12/16/1962,XXX-XX-4803,MT
556,Brian,Miller,08/04/1978,XXX-XX-1134,WV
1952,Elizabeth,Adams,07/28/1983,XXX-XX-8567,WV
1395,Terri,Bird,06/17/1988,XXX-XX-3331,VT
1463,Justin,Sanders,08/10/1992,XXX-XX-6990,MN
1994,Tiffany,George,02/06/1967,XXX-XX-9311,OR
138,Travis,Welch,04/18/1983,XXX-XX-6679,MA
1092,Jason,Calderon,08/21/1988,XXX-XX-1362,SC
234,Jerry,Osborne,06/12/1965,XXX-XX-7056,NY
677,Kelsey,Gonzalez,05/09/1973,XXX-XX-9942,TN
1748,Tonya,Wood,04/29/1986,XXX-XX-7162,MS
1888,Michelle,Richards,03/09/1960,XXX-XX-7073,NC
1484,Sarah,Craig,07/20/1977,XXX-XX-1964,AK
342,Kyle,Johnson,01/02/1966,XXX-XX-6532,HI
431,Paul,Wilson,10/17/1969,XXX-XX-6326,AK
874,Alyssa,Rodriguez,10/30/1958,XXX-XX-9354,MO
1007,Michelle,Woodard,03/25/1984,XXX-XX-6544,KS
102,Thomas,Lindsey,10/16/1992,XXX-XX-9938,CA
1399,Kevin,Stewart,11/17/1971,XXX-XX-5371,MS
1761,Ronald,Martinez,05/11/1978,XXX-XX-0592,WA
19,Aaron,Hanna,02/06/1988,XXX-XX-8006,VA
1025,Elizabeth,Cohen,11/11/1987,XXX-XX-2825,ID
924,Jonathan,Henderson,02/23/1970,XXX-XX-6202,LA
1054,Heather,Hernandez,05/18/1988,XXX-XX-2975,MN
1799,Laura,Young,12/04/1991,XXX-XX-6643,MI
1521,Heidi,Moran,01/23/1961,XXX-XX-2555,OK
1348,Sean,Johnson,10/14/1989,XXX-XX-3225,NJ
1897,Barbara,Smith,02/06/1974,XXX-XX-5229,NY
484,Jason,Freeman,06/05/1960,XXX-XX-3738,ME
994,Jackie,Cummings,08/19/1962,XXX-XX-9255,ME
217,David,Shelton,07/08/1994,XXX-XX-9705,MS
983,Jeanette,Everett,03/14/1984,XXX-XX-8061,NJ
1474,Michael,Martin,01/12/1990,XXX-XX-0362,ND
1453,Shelby,Garcia,06/21/1992,XXX-XX-9256,SC
298,Brian,Dudley,03/23/1967,XXX-XX-2714,NJ
1028,Andrea,Ramos,08/22/1994,XXX-XX-4870,AL
773,Alexandra,Gray,07/14/1972,XXX-XX-2578,AL
482,Adam,Contreras,02/29/1992,XXX-XX-0224,WI
189,Taylor,Adams,03/07/1959,XXX-XX-8505,TN
283,Mitchell,Thomas,12/20/1988,XXX-XX-0577,SD
1965,Courtney,Reid,07/02/1961,XXX-XX-9747,MI
1330,Kayla,Mcguire,10/23/1968,XXX-XX-3190,IN
1197,Chad,Rodriguez,06/25/1960,XXX-XX-0966,KY
977,Kevin,Garcia,05/17/1963,XXX-XX-4908,FL
418,Daniel,Walker,10/31/1985,XXX-XX-8850,NJ
847,Colton,Ross,08/11/1994,XXX-XX-3123,IN
1369,Erica,Smith,10/02/1973,XXX-XX-5830,SC
1794,Nicholas,Henry,09/19/1980,XXX-XX-9335,IN
1289,Ruth,Reeves,12/11/1965,XXX-XX-9922,MD
859,Gina,Rodriguez,06/07/1981,XXX-XX-6047,TX
237,John,Macdonald,01/28/1967,XXX-XX-8496,HI
1263,Michelle,Moreno,09/13/1975,XXX-XX-3075,PA
1860,Michael,Farrell,01/11/1972,XXX-XX-9728,ND
1713,Lynn,Fox,07/05/1972,XXX-XX-9052,VT
1782,James,Williams,09/18/1992,XXX-XX-9225,HI
2060,Robert,Williams,07/28/1966,XXX-XX-5396,IL
2078,Matthew,Solis,12/21/1990,XXX-XX-6541,ID
145,Anita,Hill,07/28/1961,XXX-XX-9891,CA
1827,Mary,Davis,04/19/1984,XXX-XX-8228,TN
699,Kyle,Wood,02/02/1966,XXX-XX-0765,FL
316,Natalie,Carlson,06/24/1979,XXX-XX-7026,MD
693,Scott,Smith,11/25/1975,XXX-XX-4104,TX
31,Jessica,Jones,06/16/1986,XXX-XX-3598,OH
1299,Loretta,Vasquez,10/25/1966,XXX-XX-0870,SD
339,Kathryn,Bonilla,08/09/1978,XXX-XX-3708,RI
775,Luke,West,08/14/1967,XXX-XX-6228,NC
650,Thomas,Byrd,09/06/1967,XXX-XX-7030,VT
236,Edwin,Williams,10/29/1994,XXX-XX-1359,NE
1915,Steven,Lewis,12/24/1980,XXX-XX-1947,MA
582,Aaron,Bruce,08/01/1966,XXX-XX-2115,WV
1912,Leonard,Brown,04/06/1969,XXX-XX-6711,CT
1881,Deborah,Jackson,12/10/1979,XXX-XX-2438,AL
1688,John,Marshall,04/25/1967,XXX-XX-0554,CT
1211,Melissa,Mercado,09/22/1994,XXX-XX-7490,TX
1134,Adam,Blackburn,12/08/1969,XXX-XX-7922,MO
1719,Daniel,Gibson,09/02/1957,XXX-XX-1030,CT
943,Jessica,Davis,07/23/1972,XXX-XX-3297,SC
1459,Johnny,Downs,08/01/1984,XXX-XX-6934,CO
13,Anthony,Simpson,10/15/1981,XXX-XX-5784,NM
1067,Patricia,Beard,10/16/1983,XXX-XX-7152,PA
1192,Justin,Henry,07/30/1992,XXX-XX-2649,GA
10,Dwayne,Mckee,10/16/1973,XXX-XX-2174,ME
601,Mark,Mendez,05/11/1991,XXX-XX-3104,AZ
2080,Ryan,Martin,01/02/1983,XXX-XX-5485,CT
1550,Stacey,Joyce,12/06/1957,XXX-XX-3672,IN
409,Sarah,King,02/03/1980,XXX-XX-1925,TN
669,Kathy,Simpson,04/23/1974,XXX-XX-0462,AL
204,Jill,Perry,12/30/1983,XXX-XX-3501,IL
1780,Cory,Williams,08/15/1988,XXX-XX-0423,IL
16,Tiffany,Thomas,10/10/1971,XXX-XX-8636,KY
554,Tracy,Goodwin,03/02/1979,XXX-XX-2848,SC
438,Nathaniel,Swanson,12/28/1957,XXX-XX-0880,NM
518,Daniel,Moore,05/10/1959,XXX-XX-5676,RI
2084,Shannon,Anderson,06/29/1958,XXX-XX-5070,TX
1723,Shaun,Rodriguez,10/07/1983,XXX-XX-8987,IN
1212,Cassandra,Blanchard,03/03/1977,XXX-XX-6073,ID
58,Michael,Andersen,09/02/1961,XXX-XX-0392,ND
542,Cindy,Cruz,10/08/1976,XXX-XX-5675,MN
574,Richard,Jones,05/01/1986,XXX-XX-2767,OK
880,Judy,Williamson,11/30/1958,XXX-XX-4904,PA
1601,Pamela,Arnold,08/04/1994,XXX-XX-0539,NY
1873,Julia,Stuart,05/20/1987,XXX-XX-0136,DE
180,Jessica,Johnson,12/23/1959,XXX-XX-6174,CO
242,Samantha,Gilbert,03/18/1961,XXX-XX-2427,UT
1215,Heather,Barton,04/02/1973,XXX-XX-0109,NH
394,Lauren,Guzman,02/22/1990,XXX-XX-5246,MD
1173,Tabitha,Salazar,04/15/1990,XXX-XX-4140,IN
1681,Jason,Page,09/17/1963,XXX-XX-4503,NH
1956,Justin,Simpson,10/16/1964,XXX-XX-8212,CO
508,Richard,Brennan,11/23/1987,XXX-XX-3215,AZ
1844,Aaron,Mathis,02/04/1957,XXX-XX-1972,KY
1914,Kayla,Green,11/13/1972,XXX-XX-3449,SC
1109,Sherry,Medina,02/10/1991,XXX-XX-1685,AK
1656,Lee,Smith,03/11/1984,XXX-XX-5651,OK
263,Michael,Rowe,11/15/1967,XXX-XX-3860,VT
1069,Keith,Thompson,10/26/1982,XXX-XX-2301,MA
1991,Justin,Austin,02/16/1989,XXX-XX-2653,KY
1805,John,Rose,08/25/1990,XXX-XX-5475,CO
2,Jason,Bailey,02/10/1989,XXX-XX-0094,HI
468,Christie,Parker,06/10/1986,XXX-XX-2928,MA
465,David,Bell,10/23/1977,XXX-XX-4436,MA
1185,Shane,Brown,03/26/1958,XXX-XX-4680,NH
630,Nicholas,Patrick,11/19/1991,XXX-XX-8810,CT
811,Ashley,Heath,03/25/1984,XXX-XX-7731,WV
1400,Kathryn,Conrad,07/02/1991,XXX-XX-2367,AK
112,Pamela,Ramirez,06/30/1984,XXX-XX-5534,PA
116,Kristin,Gonzalez,08/04/1961,XXX-XX-5453,MI
1005,Paul,Smith,12/13/1964,XXX-XX-3289,AZ
400,Emily,Walters,03/14/1984,XXX-XX-8813,RI
767,Olivia,Jimenez,08/07/1977,XXX-XX-6400,ID
1158,Michelle,Richards,09/25/1987,XXX-XX-0333,NV
2021,Robert,Stein,08/20/1963,XXX-XX-5658,TN
1142,Tanya,Ellis,03/03/1979,XXX-XX-3149,DE
1736,Amanda,Cervantes,09/02/1978,XXX-XX-6911,KY
837,John,Pham,11/09/1991,XXX-XX-7062,NH
197,Raymond,Hunter,01/19/1981,XXX-XX-5472,MD
1999,Wendy,Garrett,06/23/1982,XXX-XX-8044,SD
1326,Joseph,Brown,09/06/1971,XXX-XX-9641,NY
1803,Shawn,Johnson,02/17/1969,XXX-XX-5012,WA
399,Linda,Warner,09/26/1959,XXX-XX-0217,NM
228,Elijah,Padilla,04/21/1982,XXX-XX-1696,AK
382,Jason,Torres,06/05/1958,XXX-XX-8830,AL
41,Christopher,Flores,12/28/1959,XXX-XX-0940,SD
1012,Anthony,Ware,02/07/1980,XXX-XX-4265,WI
1298,Paul,Hebert,11/11/1984,XXX-XX-0581,MS
1832,John,Ballard,01/11/1990,XXX-XX-7793,PA
493,Jeffrey,Fisher,04/04/1965,XXX-XX-8585,AZ
629,David,Vega,10/03/1989,XXX-XX-9790,MD
1579,Karen,Horn,03/27/1984,XXX-XX-2821,WI
1222,Jermaine,King,08/21/1993,XXX-XX-9068,RI
1769,Charles,Weaver,08/11/1962,XXX-XX-0697,DE
1086,Anthony,Bean,11/18/1966,XXX-XX-6681,AR
642,Sara,Schultz,08/26/1987,XXX-XX-8390,CO
1050,Dustin,Kline,06/06/1971,XXX-XX-8783,GA
901,Kevin,Green,03/15/1959,XXX-XX-3626,RI
118,Alyssa,Hickman,04/19/1974,XXX-XX-9953,IL
1504,Shannon,Walker,01/15/1978,XXX-XX-4315,NM
1180,Krista,Jackson,04/07/1977,XXX-XX-1259,LA
933,Lawrence,Sutton,10/11/1959,XXX-XX-1525,WV
249,Brady,Vaughn,10/29/1983,XXX-XX-7261,VA
1941,Joseph,Rollins,05/17/1988,XXX-XX-5638,IL
1413,Joseph,Lopez,11/06/1980,XXX-XX-9529,NE
2110,Jennifer,Castro,05/16/1976,XXX-XX-9645,HI
1499,David,Mcgee,02/07/1958,XXX-XX-9525,ND
457,Kevin,Reed,04/22/1960,XXX-XX-8987,AR
497,Jennifer,Holloway,01/30/1991,XXX-XX-1289,NJ
2006,Troy,Turner,11/05/1959,XXX-XX-1685,AZ
276,Sherry,Trevino,10/24/1964,XXX-XX-3646,AK
435,Bailey,Patel,03/24/1985,XXX-XX-9372,IL
1257,Michael,Rivers,10/05/1971,XXX-XX-3089,WA
956,Trevor,Ochoa,08/26/1988,XXX-XX-8514,PA
673,Danielle,Robinson,05/31/1960,XXX-XX-8917,SD
1237,Jacob,Jones,04/02/1981,XXX-XX-4935,TX
877,Dorothy,Molina,01/13/1965,XXX-XX-7633,SC
1223,Sarah,Calhoun,12/10/1972,XXX-XX-5594,VA
1446,Brenda,Zimmerman,05/16/1980,XXX-XX-9615,KS
1510,Nina,Banks,05/09/1985,XXX-XX-9945,WI
1583,Rebecca,Fox,09/27/1988,XXX-XX-3940,MT
1292,Maria,Mckenzie,07/28/1974,XXX-XX-8479,NJ
1978,Willie,Hines,05/01/1993,XXX-XX-2557,NV
29,Zachary,Tyler,08/24/1966,XXX-XX-6670,UT
240,Emily,Cochran,12/28/1970,XXX-XX-5494,SD
2109,Kayla,Galloway,12/04/1961,XXX-XX-9611,AZ
1839,Mary,Walsh,07/09/1989,XXX-XX-4428,ND
806,James,Kirk,03/18/1976,XXX-XX-2003,UT
1386,Kelly,Casey,01/22/1991,XXX-XX-0409,OK
1078,Travis,Lee,01/16/1958,XXX-XX-2949,WA
1042,Jessica,Williams,11/24/1981,XXX-XX-4639,KY
1120,Donald,Lawson,10/20/1994,XXX-XX-5876,SD
1027,Jodi,Newton,12/28/1983,XXX-XX-4224,ID
1225,Taylor,Hernandez,03/20/1976,XXX-XX-4749,NE
1087,Christine,Hopkins,10/13/1968,XXX-XX-5682,MO
570,Barbara,Jefferson,04/02/1989,XXX-XX-4441,NJ
1360,Kelly,Strickland,06/30/1976,XXX-XX-7387,MO
716,John,Stevens,08/31/1975,XXX-XX-2721,ND
2115,Megan,Melendez,11/03/1988,XXX-XX-3429,MD
1532,Troy,Ballard,04/25/1992,XXX-XX-8211,MA
36,John,Young,10/08/1962,XXX-XX-8187,ME
1721,Joseph,Henderson,06/15/1978,XXX-XX-1968,WA
1218,Frank,Williams,12/03/1980,XXX-XX-8177,NH
626,Wesley,Davis,09/28/1985,XXX-XX-9388,IN
432,Jared,Harper,10/07/1991,XXX-XX-7767,SD
1076,Joshua,Miller,10/01/1973,XXX-XX-3684,MA
1543,Caleb,Rubio,01/06/1966,XXX-XX-9678,TX
1055,Yvette,Wyatt,02/11/1981,XXX-XX-7673,IL
663,Veronica,Rodriguez,02/27/1994,XXX-XX-0138,ME
884,Chase,Peters,06/27/1989,XXX-XX-0588,MI
1904,Thomas,Curry,01/30/1960,XXX-XX-9978,MA
636,David,Garrett,01/07/1957,XXX-XX-0743,TX
1729,Brent,Jones,05/12/1968,XXX-XX-4006,WY
1870,Mary,Jones,07/05/1960,XXX-XX-1233,OR
2005,Kurt,Calderon,11/22/1971,XXX-XX-3640,NM
1160,Jennifer,Stevens,06/27/1984,XXX-XX-6438,IA
1609,Michael,Miller,05/21/1959,XXX-XX-9413,MD
672,Rachael,Murphy,05/04/1959,XXX-XX-4348,CA
1779,James,Griffith,11/12/1970,XXX-XX-7967,VT
1854,Pamela,Ray,04/11/1977,XXX-XX-6548,HI
108,Shawn,Mitchell,07/27/1993,XXX-XX-5330,MD
653,Diane,Wiley,11/09/1977,XXX-XX-7369,HI
1024,Matthew,Berry,12/16/1959,XXX-XX-2038,HI
1852,Tracy,Davis,09/13/1988,XXX-XX-1962,CA
178,Derek,Hale,11/11/1977,XXX-XX-7878,AR
1624,Diane,Shea,03/10/1957,XXX-XX-8090,MS
918,Joseph,Gutierrez,02/16/1990,XXX-XX-5291,RI
1008,Andrea,Byrd,08/12/1967,XXX-XX-3106,IN
1312,Kathryn,Malone,05/24/1970,XXX-XX-1227,MT
501,Matthew,Wilson,02/24/1967,XXX-XX-5058,OH
157,Vincent,Sloan,10/19/1959,XXX-XX-5501,NC
1927,Ashley,Chandler,03/21/1980,XXX-XX-1307,AZ
71,Willie,Jones,01/08/1983,XXX-XX-5452,IN
96,Brett,Thomas,09/01/1992,XXX-XX-6916,TX
1093,Cristian,French,12/01/1965,XXX-XX-5433,NV
1602,Brenda,Davis,10/17/1993,XXX-XX-8713,NE
813,Jennifer,Gray,12/28/1973,XXX-XX-9634,AL
136,Eric,Bradley,03/02/1988,XXX-XX-4231,SC
70,Thomas,Howell,05/19/1977,XXX-XX-8695,HI
978,Mary,Simpson,02/27/1980,XXX-XX-2691,KS
1372,Kelli,Owens,08/28/1972,XXX-XX-8002,NY
1117,Charles,Savage,11/09/1977,XXX-XX-9402,CA
1085,Christopher,Espinoza,03/21/1958,XXX-XX-4243,WI
559,Clayton,Henderson,06/30/1975,XXX-XX-9396,WY
2077,Rachel,Sandoval,11/30/1975,XXX-XX-5233,NC
347,Stephanie,Carpenter,11/01/1959,XXX-XX-7041,MO
2101,Natalie,Turner,06/19/1991,XXX-XX-3128,CO
230,Julie,Higgins,11/24/1974,XXX-XX-8175,MS
1711,Logan,Briggs,08/18/1964,XXX-XX-7519,KY
1851,Jose,Manning,08/12/1987,XXX-XX-0989,GA
173,Tamara,Morris,10/13/1961,XXX-XX-3486,WI
1140,Brian,Martinez,09/10/1972,XXX-XX-4875,NH
282,David,Contreras,08/27/1994,XXX-XX-7970,TX
2016,Joshua,Graves,01/29/1969,XXX-XX-5080,CA
281,Jennifer,Gilbert,08/25/1985,XXX-XX-9467,HI
1177,Kevin,Brock,08/31/1974,XXX-XX-6074,KS
727,Roger,Coleman,09/14/1957,XXX-XX-6111,NY
577,Grant,Patterson,12/24/1986,XXX-XX-6784,RI
753,Kevin,Robinson,12/05/1991,XXX-XX-4224,MD
1561,James,Stokes,04/16/1971,XXX-XX-0232,CA
587,David,Johnson,01/08/1990,XXX-XX-3708,MI
830,John,Rivera,01/03/1964,XXX-XX-3546,LA
1890,Charles,Bryan,12/04/1985,XXX-XX-2171,MD
47,Alexander,Romero,07/12/1975,XXX-XX-1442,VT
139,Matthew,Knight,05/07/1984,XXX-XX-8438,TX
270,James,Harris,12/20/1973,XXX-XX-8140,MT
1487,Richard,Hunt,08/30/1983,XXX-XX-4959,MD
706,Kaitlyn,Reese,05/21/1983,XXX-XX-5521,FL
576,Marissa,Kelly,10/26/1974,XXX-XX-7575,ND
1699,Heidi,Shaw,11/13/1987,XXX-XX-6968,KY
1921,Alyssa,Armstrong,03/05/1992,XXX-XX-0479,AL
1432,Erica,Cole,12/01/1971,XXX-XX-7616,RI
1938,David,Johnston,07/31/1965,XXX-XX-0677,UT
962,Katrina,Wiggins,09/14/1975,XXX-XX-1378,RI
1541,Benjamin,Long,12/09/1976,XXX-XX-7867,RI
2120,Pam,Sanchez,11/21/1975,XXX-XX-8018,MN
1640,Lori,Adams,08/06/1991,XXX-XX-3803,ID
233,Julie,Nelson,08/22/1972,XXX-XX-5917,GA
1039,Joseph,Steele,04/28/1990,XXX-XX-9841,WA
1868,Craig,Wiggins,05/28/1962,XXX-XX-7616,TX
2123,Jill,Fox,02/21/1965,XXX-XX-3332,PA
243,Gerald,Wallace,10/17/1988,XXX-XX-0638,NE
1722,Michael,Vasquez,11/05/1994,XXX-XX-2681,TX
1547,Keith,Thomas,06/18/1972,XXX-XX-3051,PA
201,Gregory,Williams,06/09/1957,XXX-XX-2236,NH
822,John,Daniels,06/07/1982,XXX-XX-2845,VT
1948,Susan,Garrison,06/17/1967,XXX-XX-8796,NY
1230,Brenda,Gay,01/02/1978,XXX-XX-7151,CT
1161,Wyatt,Moreno,03/22/1984,XXX-XX-4187,MI
1518,Susan,Turner,04/26/1966,XXX-XX-2571,UT
258,Denise,Martin,05/11/1982,XXX-XX-2489,IN
2011,Erica,Ryan,08/13/1982,XXX-XX-8369,MD
1758,Monica,Hawkins,02/26/1958,XXX-XX-2444,WV
944,Brenda,Freeman,01/11/1994,XXX-XX-2578,AZ
333,James,Walker,01/16/1990,XXX-XX-1799,VA
1781,Mark,Gordon,09/20/1987,XXX-XX-5608,NY
871,Joseph,Cummings,08/11/1971,XXX-XX-3554,NH
798,Andrea,Fitzgerald,12/04/1990,XXX-XX-5882,MA
1828,Vanessa,Petersen,05/17/1966,XXX-XX-8659,PA
1804,Jessica,Moore,03/27/1958,XXX-XX-0396,IA
1403,Ryan,Moreno,07/25/1974,XXX-XX-2902,GA
1520,Tony,Banks,09/15/1991,XXX-XX-7821,MN
1635,Christina,Marshall,04/07/1966,XXX-XX-6940,IA
1666,Andrew,Sutton,01/18/1983,XXX-XX-2345,HI
652,Tom,Mayer,02/09/1986,XXX-XX-3480,VT
2038,Cassandra,Gordon,02/21/1984,XXX-XX-2243,NY
788,Cameron,Silva,06/11/1980,XXX-XX-7963,MA
734,Cheryl,Flores,08/13/1986,XXX-XX-5566,DE
2067,Jennifer,Newman,04/05/1964,XXX-XX-3067,NE
1137,Peter,Miller,06/27/1968,XXX-XX-5656,OK
1792,Ashley,Smith,03/17/1990,XXX-XX-1428,NE
488,Brianna,Brown,06/28/1988,XXX-XX-3009,AL
2114,Peter,Hansen,07/27/1980,XXX-XX-4935,RI
2026,Jimmy,Hunter,12/11/1988,XXX-XX-2553,ID
759,Angela,Randall,12/03/1982,XXX-XX-3666,NY
175,Brandon,Gomez,04/30/1980,XXX-XX-9117,CO
385,Shawn,Smith,06/11/1976,XXX-XX-3742,NH
1807,Marcus,Garza,04/01/1960,XXX-XX-3499,TN
711,Amber,White,03/27/1967,XXX-XX-8793,LA
1861,Ashley,Shepard,07/24/1972,XXX-XX-2653,OH
1894,Maurice,Palmer,09/11/1980,XXX-XX-6048,LA
833,Richard,Ward,09/15/1959,XXX-XX-4384,MO
939,Robert,Bailey,06/22/1980,XXX-XX-0849,CO
2029,Jose,Dodson,01/12/1969,XXX-XX-2007,NC
194,Jeanette,Hart,10/22/1965,XXX-XX-4052,NJ
1801,John,Shepard,07/11/1975,XXX-XX-7873,NH
526,Jennifer,Stafford,11/19/1978,XXX-XX-3340,WV
610,Jenny,Morgan,10/02/1992,XXX-XX-3732,KS
94,Jill,Haynes,03/15/1979,XXX-XX-9789,NY
1195,Matthew,Aguirre,04/06/1981,XXX-XX-3346,NM
213,Joshua,King,01/04/1994,XXX-XX-3279,VA
17,Vincent,Howard,05/11/1972,XXX-XX-3520,MD
1755,Kimberly,Acevedo,09/04/1968,XXX-XX-1279,MA
1505,Cameron,Griffith,01/09/1986,XXX-XX-0633,MA
1899,Angela,Love,03/12/1974,XXX-XX-7067,KS
1692,Larry,Roach,07/13/1971,XXX-XX-2498,VA
1248,Kimberly,Fleming,04/09/1985,XXX-XX-6799,IA
1587,Vanessa,Wells,09/14/1993,XXX-XX-3702,NV
1621,Brenda,Russell,10/24/1983,XXX-XX-1775,MD
30,Julia,Reynolds,07/10/1969,XXX-XX-5553,ID
239,Scott,Kane,08/16/1969,XXX-XX-9499,WV
1557,Jenny,Thompson,12/29/1988,XXX-XX-5801,SD
1829,Robert,Castro,04/20/1977,XXX-XX-6975,MI
1290,James,Miller,08/12/1966,XXX-XX-2119,ME
1464,Audrey,Murphy,07/12/1962,XXX-XX-8969,ID
751,Dana,Cox,01/12/1980,XXX-XX-4163,UT
986,Kiara,Riley,06/12/1988,XXX-XX-6560,KS
1673,Isabella,Marshall,01/11/1957,XXX-XX-9744,WA
1313,Amanda,Wright,12/05/1973,XXX-XX-7528,TX
1508,Nicholas,Weaver,03/22/1976,XXX-XX-4980,AL
210,Erin,Snyder,02/24/1976,XXX-XX-9700,NC
442,Donna,Bolton,06/16/1990,XXX-XX-6047,AZ
1687,Brittany,Murphy,01/05/1985,XXX-XX-0297,MT
262,Cynthia,Roberts,03/08/1969,XXX-XX-9922,GA
406,Steven,Russell,03/21/1974,XXX-XX-0698,IL
454,Bernard,Torres,08/04/1977,XXX-XX-7636,NE
1730,Tiffany,Terrell,07/08/1967,XXX-XX-7361,IL
1164,Donna,Mason,03/20/1971,XXX-XX-3768,OK
634,Stephanie,Melton,01/23/1977,XXX-XX-0043,NC
273,Sylvia,Jackson,04/18/1986,XXX-XX-2148,IA
1364,Theresa,Williams,01/10/1965,XXX-XX-4890,VA
59,Dana,Zimmerman,03/31/1973,XXX-XX-8983,NJ
1113,Alex,Morris,07/24/1975,XXX-XX-6079,VT
443,Marc,Mason,10/16/1983,XXX-XX-0467,NH
638,Cameron,Guerra,05/14/1958,XXX-XX-6206,NJ
275,Charles,Olsen,11/16/1956,XXX-XX-6474,MT
1995,Joshua,Schneider,08/27/1967,XXX-XX-4288,MO
774,Edwin,Baker,04/14/1969,XXX-XX-1199,MN
676,Jasmine,Jordan,08/20/1992,XXX-XX-9773,PA
100,Sean,Dunn,02/20/1970,XXX-XX-8722,KS
827,Megan,Schwartz,06/14/1990,XXX-XX-4732,FL
322,Derrick,Gallagher,09/14/1960,XXX-XX-1589,VT
219,Lindsey,Jones,10/18/1991,XXX-XX-3838,AZ
1618,Monique,Martinez,08/14/1963,XXX-XX-9950,FL
1990,Steven,Soto,09/23/1975,XXX-XX-7166,TX
1877,Wendy,Peck,10/18/1981,XXX-XX-4054,PA
1690,Ryan,Bailey,05/17/1957,XXX-XX-6255,IN
1853,Jessica,Smith,05/07/1957,XXX-XX-2947,ME
1554,Ashley,Fox,01/21/1964,XXX-XX-4516,ID
1866,Luis,Horn,05/02/1962,XXX-XX-4696,MA
988,Brent,Schneider,09/27/1957,XXX-XX-8569,ND
1385,Gail,Rodriguez,10/01/1991,XXX-XX-8941,VA
857,Jason,Baker,02/16/1980,XXX-XX-9908,TN
2037,Amanda,Gomez,05/03/1962,XXX-XX-2194,AK
1201,Edward,Valdez,08/05/1972,XXX-XX-5545,ND
690,Kelly,Brandt,01/12/1979,XXX-XX-9046,ME
948,Christopher,Carrillo,01/09/1958,XXX-XX-4103,MI
208,Elizabeth,Potter,07/02/1962,XXX-XX-5640,MT
2024,Timothy,Howard,10/08/1989,XXX-XX-1253,IA
683,Rebecca,Pollard,04/29/1984,XXX-XX-1865,KY
1814,Stephen,Short,08/15/1970,XXX-XX-1323,PA
478,Michael,Odom,07/25/1973,XXX-XX-9368,MS
1419,Pamela,Lawrence,02/01/1978,XXX-XX-2412,KY
203,David,Young,11/09/1982,XXX-XX-7690,HI
1569,Michael,Bass,10/03/1975,XXX-XX-9503,SD
1325,Brandon,Medina,01/24/1991,XXX-XX-0987,MA
1615,Peter,Shepard,12/01/1983,XXX-XX-3577,KY
291,Jessica,Moore,09/14/1959,XXX-XX-3396,MD
695,Amy,Keith,12/06/1968,XXX-XX-1932,GA
1070,Scott,Cook,04/19/1985,XXX-XX-6522,RI
904,Samuel,Schmitt,05/09/1960,XXX-XX-3184,MD
2099,Tina,Stewart,09/18/1963,XXX-XX-3569,NH
393,Dorothy,White,08/27/1960,XXX-XX-8706,PA
330,Ashley,Bowers,07/08/1974,XXX-XX-0139,CA
1876,Jermaine,Watson,03/09/1965,XXX-XX-6762,NJ
1604,Frank,Delgado,09/26/1965,XXX-XX-1186,WY
1712,April,Bradley,07/20/1982,XXX-XX-2371,TX
747,Jessica,Brandt,01/09/1983,XXX-XX-3653,AR
796,John,Blankenship,01/25/1961,XXX-XX-4697,MD
1303,Jason,Barber,01/31/1974,XXX-XX-2267,RI
783,Kim,Delgado,06/24/1971,XXX-XX-5421,DE
187,Veronica,Rangel,06/20/1958,XXX-XX-5671,WI
656,Margaret,Hammond,02/07/1974,XXX-XX-2207,OK
1864,Rebecca,Mcbride,02/21/1966,XXX-XX-4226,SD
257,Tina,Anderson,02/17/1968,XXX-XX-8693,NH
1946,Jessica,Rodriguez,11/13/1992,XXX-XX-5170,NY
301,Jason,Jones,03/31/1970,XXX-XX-3300,LA
1471,Mike,Rice,02/25/1984,XXX-XX-7394,GA
1045,Michael,Williams,07/22/1989,XXX-XX-2875,WI
2074,Sarah,Kane,07/30/1980,XXX-XX-9475,GA
1735,Chad,Koch,09/20/1965,XXX-XX-5358,KY
1987,Lisa,Oneal,11/03/1957,XXX-XX-1248,PA
1460,Donna,Robinson,02/24/1985,XXX-XX-9275,WI
495,Colton,Fisher,07/29/1957,XXX-XX-7854,ID
2014,Cody,Hardy,10/04/1969,XXX-XX-5576,TX
1862,Brooke,Mckee,05/10/1993,XXX-XX-4110,TX
1741,Luke,Adams,09/11/1977,XXX-XX-8540,SC
1296,Sara,Wilson,04/29/1957,XXX-XX-2024,AR
900,Brandon,Thomas,11/11/1994,XXX-XX-2838,RI
1813,Michael,Kim,08/03/1981,XXX-XX-3695,NY
1154,Claire,Andrade,06/28/1994,XXX-XX-6044,WI
1102,Diane,Jones,03/29/1983,XXX-XX-8549,NE
2045,Stephanie,Robinson,09/21/1988,XXX-XX-8989,NJ
1229,Eric,Guerrero,02/06/1959,XXX-XX-6912,FL
337,Robert,Bennett,12/07/1976,XXX-XX-2907,AZ
1278,Alexa,Thompson,09/26/1984,XXX-XX-9583,IL
1239,Anita,Eaton,07/06/1966,XXX-XX-5925,RI
2050,Richard,Smith,01/29/1993,XXX-XX-8035,MN
643,Jeremy,Lopez,08/16/1993,XXX-XX-1218,MO
1698,Grant,Sanchez,01/27/1992,XXX-XX-8505,GA
1363,Robert,Weber,01/05/1960,XXX-XX-8958,MO
1998,Amy,Sanchez,12/05/1974,XXX-XX-3625,AL
1936,Tanner,Esparza,02/23/1973,XXX-XX-3742,OK
909,Denise,Lane,07/22/1986,XXX-XX-3327,ID
51,Dennis,Leblanc,03/01/1994,XXX-XX-6198,IL
1701,Michelle,Wade,12/27/1985,XXX-XX-9162,LA
1892,Valerie,Adkins,11/01/1959,XXX-XX-5882,CO
945,Caleb,Hall,07/04/1982,XXX-XX-3125,IN
1826,Evan,Parker,11/18/1991,XXX-XX-7213,PA
159,Amy,Delgado,01/11/1984,XXX-XX-9583,MT
480,Logan,Moss,07/28/1990,XXX-XX-9460,WV
1676,Danielle,Davis,03/23/1974,XXX-XX-4665,HI
268,Brian,Martin,03/25/1986,XXX-XX-0991,HI
551,Travis,Keith,07/28/1963,XXX-XX-4320,NM
782,Abigail,Jacobs,03/08/1974,XXX-XX-1596,NV
1244,Gabrielle,Wise,08/11/1960,XXX-XX-4965,MA
1971,Paul,Suarez,10/07/1962,XXX-XX-6300,RI
1430,Michael,Ochoa,08/09/1986,XXX-XX-9602,TX
295,Daniel,Pacheco,01/09/1975,XXX-XX-9820,MN
631,Austin,Jackson,04/06/1970,XXX-XX-8701,MO
1806,Patricia,Patterson,06/27/1965,XXX-XX-8753,IA
1629,Diane,Green,10/24/1969,XXX-XX-3033,WY
410,Louis,Flynn,11/09/1988,XXX-XX-3481,CA
1916,Nancy,Schmidt,03/01/1969,XXX-XX-9447,SC
808,Jaclyn,Cunningham,11/02/1963,XXX-XX-8956,SD
143,Elizabeth,Davis,10/12/1964,XXX-XX-4168,NV
675,Jacqueline,Donaldson,09/07/1966,XXX-XX-5320,KY
1462,Gabriel,Mitchell,02/08/1959,XXX-XX-8486,NY
2048,Sara,Barajas,10/04/1990,XXX-XX-8344,VT
674,Ann,Williams,03/06/1983,XXX-XX-5252,CA
1150,Justin,Baker,07/02/1982,XXX-XX-2028,MI
941,Kimberly,Lee,09/19/1961,XXX-XX-2156,MA
707,Karen,Roberts,01/21/1975,XXX-XX-9717,IL
1977,Miguel,Gonzales,10/26/1965,XXX-XX-2152,WV
1417,Alexandra,Barrett,07/20/1967,XXX-XX-9720,CT
620,Jeffrey,Garcia,06/05/1965,XXX-XX-0488,IA
735,Elizabeth,Bautista,05/04/1993,XXX-XX-8946,MT
2106,Danielle,Kemp,10/27/1980,XXX-XX-5272,OK
1406,Melinda,Miller,03/01/1974,XXX-XX-2932,GA
1273,Cindy,Wagner,05/21/1962,XXX-XX-6272,MI
1957,Rebecca,Kirby,10/27/1957,XXX-XX-7876,IL
2042,Jeremy,Jefferson,03/16/1992,XXX-XX-4470,OH
668,Vincent,Thomas,03/31/1962,XXX-XX-5867,HI
1791,Cameron,Jones,11/12/1988,XXX-XX-5160,MI
950,Alicia,Morales,06/28/1965,XXX-XX-5920,HI
1580,Dylan,White,07/18/1992,XXX-XX-0048,OH
67,Lauren,Price,06/30/1975,XXX-XX-5316,MI
1632,Diane,Buck,04/09/1976,XXX-XX-5953,NE
1080,Brian,Harper,01/02/1967,XXX-XX-3047,PA
190,Tim,Allen,01/08/1973,XXX-XX-4264,WV
1477,Sierra,Cortez,03/24/1974,XXX-XX-5367,WA
1338,Thomas,Garza,09/23/1987,XXX-XX-5832,DE
181,Daniel,Ramirez,12/31/1976,XXX-XX-8963,NY
1966,Crystal,Ellis,03/09/1958,XXX-XX-0049,NH
150,Stefanie,Carpenter,06/26/1978,XXX-XX-4588,KY
2019,Timothy,Cameron,04/23/1960,XXX-XX-8743,KY
1149,Brandi,Gregory,04/15/1983,XXX-XX-5829,NC
1162,Victoria,Daniels,06/08/1966,XXX-XX-9427,NM
1108,Steven,Washington,08/23/1963,XXX-XX-1988,AL
935,Michelle,Wright,02/19/1969,XXX-XX-6564,UT
106,Keith,Carter,08/16/1957,XXX-XX-0345,VT
692,Nathan,Cruz,09/16/1970,XXX-XX-8620,HI
122,Robert,Gonzales,08/02/1968,XXX-XX-1916,GA
2081,Matthew,Garcia,04/13/1983,XXX-XX-8684,KS
1568,Gina,Green,03/01/1960,XXX-XX-3706,TN
1895,Barbara,York,02/17/1975,XXX-XX-9106,VT
1194,Crystal,French,10/04/1979,XXX-XX-1489,UT
1190,Kathy,Bryant,10/12/1988,XXX-XX-3187,MO
271,Brittney,Lin,09/02/1993,XXX-XX-2328,MN
1772,Lindsay,Francis,01/30/1976,XXX-XX-4190,GA
1765,Bryan,Torres,06/02/1985,XXX-XX-6406,IL
1727,Michael,Crawford,05/31/1982,XXX-XX-1246,HI
161,Anna,Mann,12/09/1969,XXX-XX-3666,SD
628,Richard,Bowers,07/12/1978,XXX-XX-9051,ME
1203,Jennifer,Welch,09/14/1967,XXX-XX-4330,MA
489,Megan,Phillips,06/13/1986,XXX-XX-7101,WY
546,Anthony,Garcia,10/30/1965,XXX-XX-6626,MI
713,Courtney,Hughes,06/21/1975,XXX-XX-3393,NM
1880,Jennifer,Allison,12/24/1989,XXX-XX-8151,DE
637,Randy,Smith,11/19/1979,XXX-XX-7796,AR
1272,Christopher,Harris,02/23/1989,XXX-XX-7997,CA
1900,Laura,Salazar,07/12/1959,XXX-XX-8642,OR
966,Kristi,Harrell,06/09/1968,XXX-XX-1401,WI
1186,Christine,Brown,03/22/1974,XXX-XX-1339,NY
1491,Rachel,Morris,06/03/1975,XXX-XX-9640,AL
1088,Daniel,Hanson,10/24/1972,XXX-XX-3739,KY
343,Geoffrey,Lee,09/14/1993,XXX-XX-6931,WV
717,Thomas,Murphy,02/07/1987,XXX-XX-8386,RI
1361,Randall,Anderson,02/10/1962,XXX-XX-8197,WI
1725,Amy,Dominguez,09/18/1984,XXX-XX-8377,WV
1654,Danielle,Stanley,04/07/1973,XXX-XX-1073,FL
1599,Michael,Henry,03/04/1981,XXX-XX-2634,WY
1974,Jessica,Thompson,01/10/1968,XXX-XX-7127,CO
1714,Christopher,Valenzuela,01/23/1973,XXX-XX-7702,VA
97,Jesse,Baker,12/20/1989,XXX-XX-6515,IL
1901,Charles,Crawford,10/26/1991,XXX-XX-8999,WY
1972,James,Austin,12/23/1961,XXX-XX-3614,KS
1448,Christopher,Miller,11/17/1987,XXX-XX-9999,LA
1788,Kari,Howe,07/29/1961,XXX-XX-2386,WI
214,Gerald,Everett,05/19/1965,XXX-XX-4232,VT
1073,Brian,Snyder,10/16/1962,XXX-XX-8265,NY
86,Brian,Young,05/27/1968,XXX-XX-9571,AL
6,John,Snow,03/04/1969,XXX-XX-5075,GA
2041,Tanya,Maxwell,06/28/1992,XXX-XX-4019,ND
769,Jill,Keller,04/11/1992,XXX-XX-9735,NV
2007,Samantha,Cruz,09/18/1967,XXX-XX-3798,CT
1123,Amy,Jones,11/12/1973,XXX-XX-4671,CO
779,Nathaniel,Dominguez,11/24/1976,XXX-XX-9952,KY
1506,Barbara,Allen,11/11/1963,XXX-XX-8520,MN
358,Sergio,Bass,12/23/1959,XXX-XX-5957,NH
2117,Jeremy,Cunningham,04/13/1967,XXX-XX-1623,CT
1497,Michelle,Wheeler,10/14/1988,XXX-XX-2060,CO
1236,Brooke,Roberts,04/26/1975,XXX-XX-0727,SD
622,Mary,Thomas,12/18/1963,XXX-XX-1656,MI
1588,Taylor,Curry,05/23/1983,XXX-XX-8049,AR
789,Julian,Hudson,09/05/1971,XXX-XX-2441,WY
1639,Kara,Collins,01/27/1966,XXX-XX-0133,RI
74,Aaron,Curtis,01/13/1991,XXX-XX-1609,AK
49,Jennifer,Boyd,06/26/1975,XXX-XX-5668,MA
1863,Maria,Eaton,09/24/1970,XXX-XX-9821,WY
1603,Eric,Fry,11/05/1968,XXX-XX-8303,NY
2090,Jillian,Jones,07/17/1973,XXX-XX-0820,PA
348,Jennifer,Franklin,06/24/1987,XXX-XX-4530,IL
973,John,Carter,07/17/1965,XXX-XX-3573,CA
481,Joshua,Allen,06/26/1984,XXX-XX-0650,IA
1455,Kimberly,Foster,06/22/1965,XXX-XX-7792,GA
802,Joshua,Lopez,01/20/1976,XXX-XX-6314,IN
2095,Joseph,Brooks,11/08/1994,XXX-XX-0968,OK
64,Bethany,Williams,06/24/1971,XXX-XX-7606,VT
958,Aaron,Ward,09/12/1971,XXX-XX-6340,VA
1136,Kevin,Hawkins,06/13/1980,XXX-XX-4639,SD
1447,Michael,Hall,02/28/1970,XXX-XX-4979,VT
866,Brianna,Lester,04/21/1990,XXX-XX-8063,NV
300,Joanna,Chavez,08/31/1989,XXX-XX-9580,IA
627,Michael,Jimenez,01/30/1968,XXX-XX-8278,IN
171,Jane,Murphy,10/23/1961,XXX-XX-9115,WA
412,Kathryn,Perez,06/08/1975,XXX-XX-7806,AR
568,Timothy,Smith,10/29/1991,XXX-XX-7591,NE
494,Kelly,Hayes,03/16/1977,XXX-XX-8491,AZ
1674,James,Contreras,09/30/1971,XXX-XX-8665,LA
129,Keith,Shaw,03/14/1975,XXX-XX-9267,IN
7,Kendra,Sutton,08/22/1984,XXX-XX-2567,WI
589,Anne,Lawrence,07/03/1973,XXX-XX-4532,UT
1886,Richard,Powers,08/17/1990,XXX-XX-5848,AR
308,Adam,Wells,11/14/1988,XXX-XX-0097,VA
1841,Stephen,Wolfe,12/18/1979,XXX-XX-2132,KS
1377,George,Silva,03/23/1992,XXX-XX-7345,SC
463,Anthony,Fuentes,12/19/1985,XXX-XX-3936,IL
99,Scott,Wood,05/14/1993,XXX-XX-9666,WY
2044,Lance,Perez,08/06/1960,XXX-XX-7348,MO
1810,Melissa,Snyder,09/03/1981,XXX-XX-0592,HI
1770,Sandra,Olson,03/31/1957,XXX-XX-9854,IA
1410,Daniel,Rosario,02/28/1982,XXX-XX-4641,ND
885,Dominique,Key,05/18/1974,XXX-XX-0919,TN
1353,Evelyn,Gordon,10/02/1974,XXX-XX-4793,NE
453,Michael,Bauer,06/28/1977,XXX-XX-8715,AR
169,Angela,Johnson,09/26/1979,XXX-XX-7252,NY
1747,Benjamin,Dunn,08/30/1993,XXX-XX-8382,AZ
1630,Ronald,Craig,09/22/1976,XXX-XX-5153,AZ
585,Ashley,Adams,06/19/1973,XXX-XX-1024,CA
535,Elizabeth,Bell,09/10/1975,XXX-XX-9823,OR
39,Alyssa,Hernandez,09/24/1990,XXX-XX-5791,WA
88,Caleb,Thompson,04/11/1990,XXX-XX-3511,NH
1245,John,Campbell,03/29/1974,XXX-XX-5123,MI
844,Russell,Lewis,01/04/1978,XXX-XX-4842,LA
346,Douglas,Garcia,04/27/1987,XXX-XX-6456,WV
315,Javier,Burch,08/30/1981,XXX-XX-9883,OK
166,Alison,Ware,02/14/1975,XXX-XX-3971,NY
564,Timothy,Brown,10/30/1980,XXX-XX-5939,GA
2093,Pamela,Schmidt,05/11/1958,XXX-XX-4650,WY
408,Annette,Clarke,12/04/1985,XXX-XX-5216,AL
853,Douglas,Meyer,11/28/1967,XXX-XX-8451,AK
1100,John,Padilla,01/25/1980,XXX-XX-7063,WY
462,Kelly,Ramsey,08/16/1989,XXX-XX-0825,IL
547,Jennifer,Mcclure,12/16/1982,XXX-XX-8291,MI
1182,Stephen,Gonzalez,06/23/1963,XXX-XX-9897,TN
724,Stacy,Bryant,11/17/1975,XXX-XX-9307,TX
466,Ronald,Wright,01/23/1982,XXX-XX-7430,WA
2010,Stephanie,Garcia,04/08/1960,XXX-XX-8073,AL
1833,Johnny,Walter,10/26/1963,XXX-XX-3244,KS
227,Sarah,Coffey,09/25/1973,XXX-XX-3020,NY
420,Katherine,Hart,10/14/1976,XXX-XX-2031,VT
616,Olivia,Smith,05/18/1986,XXX-XX-8043,KS
1984,Erin,Patterson,09/20/1991,XXX-XX-6143,AL
1686,Michael,Gray,06/04/1970,XXX-XX-9774,UT
195,Joshua,Jones,05/09/1980,XXX-XX-6659,NC
320,Beverly,Moore,03/03/1958,XXX-XX-5721,CA
426,Paige,Brown,03/02/1959,XXX-XX-9459,AK
1358,Laurie,Miles,09/12/1978,XXX-XX-0240,HI
1488,Aaron,Dillon,09/18/1958,XXX-XX-1764,CT
328,Sharon,Davis,06/28/1994,XXX-XX-9341,KY
1574,Jack,Turner,01/30/1975,XXX-XX-3773,NJ
992,Sandra,Patton,08/11/1959,XXX-XX-2081,WA
1260,David,Williams,09/28/1965,XXX-XX-6692,OR
1414,Jeffrey,Hardy,05/30/1980,XXX-XX-2321,AK
1428,Steven,Cline,12/15/1966,XXX-XX-8827,UT
428,Jonathan,Diaz,04/09/1990,XXX-XX-6965,NY
1304,Eric,Lyons,06/17/1980,XXX-XX-4052,VT
1457,Lori,Scott,08/16/1966,XXX-XX-4533,MI
1032,Scott,Jones,12/12/1976,XXX-XX-7186,MT
639,Rhonda,Day,02/11/1958,XXX-XX-4229,MT
687,David,Young,08/28/1977,XXX-XX-5727,PA
975,Ryan,Jackson,06/19/1982,XXX-XX-3652,OK
1848,Alex,Leonard,11/01/1986,XXX-XX-3475,WV
1842,Michele,Cross,12/22/1988,XXX-XX-0952,ND
1217,Stephen,Lopez,10/01/1978,XXX-XX-0888,IN
4,Laura,Vasquez,01/19/1968,XXX-XX-5984,NV
1661,Sharon,Weber,09/12/1966,XXX-XX-2610,ME
1776,Eric,Obrien,05/07/1985,XXX-XX-9661,AL
1707,Frederick,Mullen,09/03/1980,XXX-XX-9367,OR
861,Carla,Simpson,10/27/1975,XXX-XX-6697,MS
1944,Corey,Garcia,07/16/1972,XXX-XX-7809,OH
499,Justin,Phillips,09/01/1960,XXX-XX-1377,NC
135,Timothy,Smith,04/21/1994,XXX-XX-1291,KY
2102,Suzanne,Hill,10/25/1991,XXX-XX-7170,NJ
1048,Stacey,Burgess,12/15/1967,XXX-XX-5899,MT
2105,Kelly,Perez,03/12/1963,XXX-XX-7123,NE
1985,Jennifer,Wagner,07/31/1977,XXX-XX-3321,OH
1469,George,Williams,02/27/1962,XXX-XX-3096,NC
52,Michael,David,03/09/1971,XXX-XX-6617,AL
1258,John,Perez,01/01/1994,XXX-XX-7828,RI
1577,Nicole,Sherman,01/07/1982,XXX-XX-3201,WV
196,Teresa,Macias,08/01/1989,XXX-XX-3312,WA
1115,Benjamin,Lee,10/19/1988,XXX-XX-4752,VA
1064,Jodi,Anderson,03/21/1976,XXX-XX-6103,MD
1501,Matthew,Ritter,02/08/1965,XXX-XX-2355,NY
1598,Lauren,Howard,11/21/1965,XXX-XX-2196,OR
267,Richard,Butler,12/10/1985,XXX-XX-1460,NE
403,Katrina,Freeman,11/09/1969,XXX-XX-7170,KS
18,Whitney,Graham,09/26/1968,XXX-XX-3110,IN
2058,Anna,Mills,07/09/1974,XXX-XX-5746,ID
1785,Lisa,Avila,02/03/1994,XXX-XX-1528,PA
151,Darrell,Stevens,04/29/1986,XXX-XX-6328,MT
1151,Hayden,Norman,02/20/1986,XXX-XX-6410,VA
2071,Anthony,Baker,02/21/1962,XXX-XX-4451,LA
1970,Jonathan,Pierce,12/19/1959,XXX-XX-8992,MI
331,Rachael,Norton,12/23/1972,XXX-XX-7804,IN
1715,Rachel,Blackburn,05/26/1964,XXX-XX-3968,TX
645,Gabrielle,Rodriguez,04/12/1988,XXX-XX-2821,MI
1530,Katherine,Prince,08/13/1990,XXX-XX-4732,OH
289,Amy,Ellis,07/18/1991,XXX-XX-8269,GA
1431,Christopher,Jordan,12/26/1960,XXX-XX-4964,AR
2015,John,Hancock,04/01/1983,XXX-XX-3528,TX
376,Pamela,Wang,06/22/1964,XXX-XX-5305,VA
248,Cynthia,Campbell,03/03/1974,XXX-XX-4326,NM
864,Kristi,Mccoy,09/28/1985,XXX-XX-3151,CO
15,Karen,Jacobs,04/13/1977,XXX-XX-4171,CO
321,Jennifer,Johnson,12/06/1989,XXX-XX-3693,NH
360,Carla,Hughes,05/24/1987,XXX-XX-1835,VT
1537,Ernest,Oliver,02/09/1988,XXX-XX-2396,MO
801,Tyler,Blackwell,01/25/1963,XXX-XX-8949,CT
1650,Bethany,Weber,06/10/1962,XXX-XX-0793,KY
1449,Richard,Alvarez,12/17/1983,XXX-XX-2399,ID
1339,Kimberly,Stevens,04/22/1968,XXX-XX-5276,NV
1939,Emily,Mitchell,12/15/1993,XXX-XX-6049,NE
1009,Sherry,Fernandez,04/23/1968,XXX-XX-8164,AK
446,Danielle,Manning,05/21/1961,XXX-XX-2579,MD
1670,Deanna,Acosta,05/04/1958,XXX-XX-5562,AK
849,Kristin,Dawson,03/16/1981,XXX-XX-4356,RI
1351,Sarah,Moreno,05/11/1988,XXX-XX-7060,SC
1392,Stephanie,Flores,03/30/1967,XXX-XX-0809,TN
1234,Sharon,Jones,07/18/1964,XXX-XX-7077,CT
829,Robin,Coleman,07/20/1964,XXX-XX-9488,SC
1046,Cindy,Hopkins,03/25/1966,XXX-XX-4307,KS
1249,Peter,Hernandez,12/20/1961,XXX-XX-7684,ME
141,William,Ray,09/24/1961,XXX-XX-8062,SC
507,Cheryl,Smith,12/21/1978,XXX-XX-9119,NE
1838,Christopher,Glover,03/14/1970,XXX-XX-0848,NV
1145,Sharon,Leblanc,05/15/1967,XXX-XX-0490,ME
592,David,Price,04/19/1981,XXX-XX-0393,WV
819,John,Patel,01/25/1987,XXX-XX-9381,VA
1405,Victor,Cole,07/01/1959,XXX-XX-6357,WY
784,Karen,Heath,03/07/1974,XXX-XX-9945,CA
1572,Paul,Allen,11/07/1981,XXX-XX-5698,LA
1240,Kristina,Johnson,02/14/1980,XXX-XX-5010,NJ
1077,Dominic,Ramos,03/19/1982,XXX-XX-8256,VT
93,Brandon,House,06/06/1979,XXX-XX-4394,NJ
83,Sandra,Kelly,05/09/1985,XXX-XX-4847,NH
2070,Anthony,Melton,04/08/1991,XXX-XX-9353,NM
261,Yvette,Duke,11/08/1976,XXX-XX-9549,IL
974,Michael,Henry,03/27/1974,XXX-XX-2095,NE
1700,Emily,Taylor,04/14/1973,XXX-XX-2018,IA
1166,Peggy,Mcdaniel,01/04/1988,XXX-XX-3459,WA
207,Teresa,Murphy,02/13/1971,XXX-XX-1236,MD
137,Natalie,Ward,03/04/1992,XXX-XX-8729,HI
89,Jacqueline,Kirby,12/04/1975,XXX-XX-1802,ID
1031,Amanda,Young,08/06/1977,XXX-XX-9361,WY
1872,Russell,Zavala,02/09/1973,XXX-XX-2734,NY
1564,Nicole,Carpenter,02/17/1973,XXX-XX-6993,SC
1732,Bradley,Wagner,01/02/1994,XXX-XX-3583,TX
460,Marie,Bailey,08/23/1969,XXX-XX-9692,NH
5,Rebecca,Roach,05/19/1965,XXX-XX-6554,ND
1689,Chad,Duncan,06/29/1958,XXX-XX-9407,NE
361,Mark,Thompson,06/15/1976,XXX-XX-1322,NE
823,Suzanne,Rhodes,04/28/1980,XXX-XX-1958,NC
846,Melissa,Reyes,08/20/1984,XXX-XX-2985,LA
1627,Samuel,Phillips,06/19/1972,XXX-XX-8806,MI
744,James,Cortez,11/23/1986,XXX-XX-8728,NJ
125,Randall,Whitehead,11/07/1962,XXX-XX-9200,VA
1468,Matthew,Richardson,05/13/1962,XXX-XX-0719,SD
79,Sandra,Myers,04/05/1959,XXX-XX-2873,NM
1865,Natasha,Davis,01/12/1977,XXX-XX-1572,WY
1642,Susan,Diaz,11/24/1976,XXX-XX-6920,WI
1637,Nicholas,Nguyen,07/13/1974,XXX-XX-5394,NH
1745,Michael,Welch,03/12/1980,XXX-XX-0630,WV
117,Jennifer,Yates,09/13/1971,XXX-XX-8351,RI
1485,Gail,Bradshaw,02/10/1990,XXX-XX-2069,NM
913,Anthony,Mills,08/29/1959,XXX-XX-7435,RI
1003,Christina,Winters,01/27/1958,XXX-XX-1063,AZ
199,Tracey,Gomez,07/12/1959,XXX-XX-2801,NJ
2052,Angela,Hart,07/07/1961,XXX-XX-8217,IL
12,Katherine,Baird,03/30/1980,XXX-XX-1191,NJ
1667,Jennifer,Bradley,07/30/1965,XXX-XX-2170,TN
1412,Hunter,Payne,10/10/1971,XXX-XX-2149,TN
241,Amy,Black,04/27/1974,XXX-XX-4888,NJ
474,James,Mccormick,04/15/1962,XXX-XX-8300,OK
1004,Michael,Edwards,02/08/1981,XXX-XX-2239,AZ
2103,William,Johnson,11/13/1973,XXX-XX-7808,MO
1884,Heather,Thompson,07/27/1970,XXX-XX-2820,HI
1315,John,Gibson,10/24/1961,XXX-XX-4643,LA
1301,Laurie,Elliott,08/02/1964,XXX-XX-9421,CO
332,James,Neal,07/18/1966,XXX-XX-1272,GA
1232,Eric,Moore,01/01/1964,XXX-XX-6218,WA
1815,Corey,White,05/18/1979,XXX-XX-2974,CA
800,Kenneth,Holmes,10/01/1991,XXX-XX-2289,MI
1933,Daniel,Mason,06/12/1974,XXX-XX-3217,CT
319,John,Warren,07/07/1993,XXX-XX-4238,ID
1752,Julie,Taylor,01/17/1989,XXX-XX-2015,ME
223,Kathryn,Carpenter,10/31/1991,XXX-XX-2644,WI
1811,Kathy,Castillo,02/18/1977,XXX-XX-5318,AR
1665,Kendra,Wood,11/22/1960,XXX-XX-7560,OH
105,Elizabeth,Johnson,06/27/1968,XXX-XX-8484,NC
517,Katherine,Johnson,12/09/1983,XXX-XX-5126,MI
1631,Linda,Day,06/01/1970,XXX-XX-8740,AK
1529,Brandon,Ho,12/11/1992,XXX-XX-4498,NV
63,Timothy,Martin,04/10/1985,XXX-XX-9876,FL
618,Chad,Zimmerman,09/20/1979,XXX-XX-6293,NM
583,Dylan,Parker,02/18/1981,XXX-XX-3245,IL
2025,Kylie,Mccormick,02/22/1983,XXX-XX-4307,DE
1261,Jason,Reyes,10/14/1985,XXX-XX-9108,CO
461,Arthur,Carlson,12/09/1990,XXX-XX-0609,WI
437,Kevin,Wyatt,07/11/1975,XXX-XX-1089,NE
591,Michelle,Skinner,09/18/1975,XXX-XX-4888,ME
1250,William,Grant,04/26/1970,XXX-XX-4808,PA
1489,Cassie,White,10/14/1972,XXX-XX-2610,OK
746,Jimmy,Carney,01/23/1990,XXX-XX-9509,MO
1135,Daniel,Jones,09/05/1974,XXX-XX-3456,LA
613,Austin,Oliver,12/09/1970,XXX-XX-2351,WY
1308,Michael,Welch,04/18/1992,XXX-XX-6942,RI
1016,Derek,Payne,03/26/1970,XXX-XX-1519,WA
1483,Eric,Dominguez,11/05/1966,XXX-XX-4746,RI
182,William,Burns,01/11/1979,XXX-XX-3068,TX
1293,Andrew,Nguyen,12/24/1972,XXX-XX-3264,KS
167,Cheryl,Salazar,03/14/1991,XXX-XX-7968,TX
1436,Karen,Williams,08/13/1987,XXX-XX-2151,AR
56,Todd,Reyes,03/28/1970,XXX-XX-3675,VT
1381,Andrew,Williams,09/16/1968,XXX-XX-5827,NE
355,Jeffrey,Mathews,02/25/1957,XXX-XX-1447,CT
1855,Victoria,Reeves,05/09/1970,XXX-XX-1972,CT
1657,Aaron,Munoz,11/10/1986,XXX-XX-0581,OR
1387,Larry,Smith,03/09/1959,XXX-XX-9634,UT
709,Zachary,Hall,02/14/1981,XXX-XX-0846,IL
893,Andrea,Aguilar,05/22/1979,XXX-XX-1821,KS
685,Christopher,Bauer,10/12/1981,XXX-XX-5742,MO
725,Charles,Fry,02/26/1976,XXX-XX-6923,CT
1515,Joshua,Mann,05/02/1977,XXX-XX-2818,OR
1559,Diana,Smith,08/20/1992,XXX-XX-0859,VT
968,Michelle,Kennedy,04/03/1987,XXX-XX-1154,WI
903,Christine,Sims,05/30/1977,XXX-XX-0585,SD
1908,Frederick,Moody,12/14/1983,XXX-XX-8461,AK
1238,Kevin,Smith,11/17/1977,XXX-XX-2592,NC
1498,Amy,Sampson,03/14/1971,XXX-XX-1910,IN
1856,Vanessa,Edwards,12/08/1993,XXX-XX-2861,PA
1524,Daniel,Mitchell,03/23/1972,XXX-XX-1942,NV
130,Jessica,Rivera,12/08/1985,XXX-XX-7802,MN
1341,Amy,Dickson,08/15/1987,XXX-XX-6803,RI
679,Stephen,Johnson,03/18/1973,XXX-XX-6635,MT
349,Bryan,Hartman,07/31/1973,XXX-XX-5028,CT
2002,Jason,Buck,04/25/1964,XXX-XX-2468,CA
1259,Adrian,Hartman,08/31/1982,XXX-XX-6535,CO
1318,Gabrielle,Sampson,10/29/1985,XXX-XX-6945,IL
1207,Nancy,Montoya,09/18/1980,XXX-XX-9310,IN
1094,Theresa,Daniels,09/21/1961,XXX-XX-4320,NC
1581,Tammy,Jones,10/06/1962,XXX-XX-9069,CO
925,Caitlin,Orozco,07/20/1990,XXX-XX-9661,OK
1324,Michael,Michael,03/02/1975,XXX-XX-6357,VT
146,Daniel,Edwards,11/07/1967,XXX-XX-0900,NJ
797,Nicholas,Mclaughlin,07/10/1962,XXX-XX-4974,OK
856,Heather,Fisher,12/03/1961,XXX-XX-0333,TN
479,John,Wade,09/24/1992,XXX-XX-4931,IN
503,Timothy,Moore,12/25/1986,XXX-XX-1862,NH
1342,Christopher,Santos,02/09/1989,XXX-XX-1539,VT
1910,Jessica,Bennett,06/11/1985,XXX-XX-3499,FL
1668,David,Ochoa,01/08/1972,XXX-XX-4198,SC
1575,Joseph,Ellis,02/08/1958,XXX-XX-5537,MS
1693,Shelia,Jones,09/27/1962,XXX-XX-6040,FL
425,Kelli,Garcia,01/26/1982,XXX-XX-3958,KS
572,John,Odonnell,11/04/1966,XXX-XX-7711,AR
1902,Shawn,Phelps,02/02/1972,XXX-XX-9307,NC
561,Samantha,Dunlap,02/14/1977,XXX-XX-2309,TX
2098,Lawrence,Hall,05/11/1994,XXX-XX-9377,MD
702,Christopher,Hernandez,12/04/1985,XXX-XX-7847,KY
436,Christopher,Smith,09/29/1988,XXX-XX-4989,NE
1589,Jennifer,Lindsey,11/15/1977,XXX-XX-8382,ND
963,Brent,Gillespie,10/28/1959,XXX-XX-8806,WV
1958,James,Macias,04/20/1960,XXX-XX-4913,NH
1734,Tamara,Grant,03/21/1968,XXX-XX-6745,MO
1388,Angelica,Mejia,10/11/1990,XXX-XX-5190,MD
976,Erica,Moore,01/04/1981,XXX-XX-6562,LA
1191,Kyle,Berry,12/12/1974,XXX-XX-2612,MT
1887,Christine,Parks,08/06/1992,XXX-XX-5992,ND
1716,Holly,Jacobs,02/05/1973,XXX-XX-9418,KS
221,Crystal,Ramos,05/01/1968,XXX-XX-9392,NC
1737,Heather,Franklin,06/04/1977,XXX-XX-3245,AK
922,Cameron,Kennedy,03/25/1969,XXX-XX-9205,TN
1664,Megan,Mendoza,04/27/1984,XXX-XX-9281,OH
1663,James,Stanley,08/08/1988,XXX-XX-5348,CO
1465,Ricardo,Price,03/19/1986,XXX-XX-0586,SD
340,Deanna,Lopez,04/04/1957,XXX-XX-2027,CT
363,Juan,Beasley,07/30/1962,XXX-XX-8974,KS
1638,Steven,Cain,05/20/1982,XXX-XX-0881,GA
1281,Mary,Green,08/15/1994,XXX-XX-8216,ND
754,Christine,Ibarra,12/11/1971,XXX-XX-4542,WI
1486,Stacey,Luna,09/03/1961,XXX-XX-7957,CO
881,Marcus,Diaz,04/09/1984,XXX-XX-4253,IL
952,David,Jones,12/26/1966,XXX-XX-8614,KY
475,Jesus,Clark,06/17/1979,XXX-XX-9169,NV
1354,Theresa,Mitchell,09/18/1964,XXX-XX-2414,IA
1718,Jennifer,Gonzalez,11/18/1966,XXX-XX-8160,NV
1492,Douglas,Bass,08/17/1992,XXX-XX-8214,VT
80,Kimberly,Thompson,05/28/1984,XXX-XX-7323,NJ
595,Angela,Hart,08/26/1973,XXX-XX-3242,MT
544,Bryan,Gomez,05/03/1990,XXX-XX-5060,ME
791,Jessica,Howard,04/05/1989,XXX-XX-2966,OK
787,Justin,Dawson,02/10/1975,XXX-XX-3269,KS
1724,Edward,Porter,05/30/1980,XXX-XX-3766,LA
205,Meredith,Anderson,03/21/1983,XXX-XX-7457,ME
224,Julie,Nelson,08/28/1960,XXX-XX-3907,WA
1269,Michael,Martin,10/29/1994,XXX-XX-8347,IN
886,Elizabeth,Moore,09/22/1979,XXX-XX-4182,SC
578,Nicholas,Valentine,06/13/1992,XXX-XX-8399,TX
1265,Marie,Young,12/09/1966,XXX-XX-3513,OK
1389,Christopher,Washington,04/25/1986,XXX-XX-7035,MO
1822,Henry,Hoffman,12/13/1977,XXX-XX-1493,NJ
397,Richard,Armstrong,01/07/1991,XXX-XX-5575,MS
162,Kyle,Walker,11/13/1959,XXX-XX-9493,VA
1390,Derrick,Wilcox,10/04/1987,XXX-XX-7187,ME
1116,Lucas,Duncan,10/06/1987,XXX-XX-4251,MS
883,Lisa,Holmes,07/16/1993,XXX-XX-0562,NJ
1573,Elizabeth,Cooper,08/10/1981,XXX-XX-0180,NH
1522,Stacey,Martinez,11/10/1977,XXX-XX-6226,MI
76,Judith,Haynes,02/21/1988,XXX-XX-2176,NC
496,Jackie,Hill,03/09/1974,XXX-XX-9550,NE
2091,Michael,Brown,08/26/1960,XXX-XX-5539,CT
1726,Anthony,Porter,08/03/1959,XXX-XX-2303,MN
1996,Joanna,Hernandez,05/26/1962,XXX-XX-7427,SD
325,Ashley,Anderson,08/15/1982,XXX-XX-0355,OH
294,Cassandra,Acosta,06/09/1972,XXX-XX-3840,WA
1104,Robert,Davidson,08/27/1959,XXX-XX-6216,MN
260,Lisa,Guzman,09/01/1963,XXX-XX-9995,ND
2043,Bonnie,Kelley,08/27/1969,XXX-XX-2787,IA
511,Christopher,Perez,03/18/1990,XXX-XX-4454,ND
1818,Randy,Johnson,10/18/1992,XXX-XX-7577,OH
37,Lauren,Rivas,03/01/1963,XXX-XX-4932,AZ
336,Tracey,Chavez,12/16/1980,XXX-XX-8884,FL
1023,David,Marks,03/01/1957,XXX-XX-0456,ND
147,Shawn,Nunez,11/25/1973,XXX-XX-0430,TN
306,Russell,Yu,02/24/1966,XXX-XX-0983,ND
351,Elizabeth,Hammond,11/13/1971,XXX-XX-8748,OR
710,Heather,Scott,06/03/1964,XXX-XX-3710,WY
1082,Kimberly,Hull,04/05/1974,XXX-XX-0816,WI
387,Robert,Drake,11/27/1979,XXX-XX-6370,WI
605,Adrian,Martin,08/02/1976,XXX-XX-4117,PA
1169,Jessica,Rivers,01/30/1991,XXX-XX-4721,MS
760,Christopher,Lee,06/26/1983,XXX-XX-8979,VT
1282,Christopher,Herman,12/29/1991,XXX-XX-8842,NC
1658,Charles,Nash,07/29/1967,XXX-XX-9903,VT
35,Danielle,Barr,03/02/1957,XXX-XX-6806,NH
155,Andrew,Ramos,11/02/1986,XXX-XX-4035,WA
1110,Kevin,Hall,06/24/1990,XXX-XX-3584,AK
1906,Travis,Thompson,02/04/1957,XXX-XX-0470,HI
78,Emily,Harris,04/29/1964,XXX-XX-3273,SC
961,Samantha,Sanders,03/17/1993,XXX-XX-6736,AK
1672,Benjamin,Hayes,09/11/1967,XXX-XX-2236,WY
471,Michael,Hale,06/30/1960,XXX-XX-4326,HI
1858,Lindsay,Smith,05/26/1984,XXX-XX-6627,ME
2013,Kevin,Gonzalez,06/29/1985,XXX-XX-9265,FL
2122,Robin,Quinn,05/10/1959,XXX-XX-4725,IL
1444,Christopher,Fisher,05/30/1968,XXX-XX-7719,VT
1816,Denise,Blankenship,04/17/1989,XXX-XX-5390,ID
1874,Mark,Fitzgerald,10/28/1975,XXX-XX-0350,MS
632,Mary,Strickland,11/08/1966,XXX-XX-8918,OR
1622,Catherine,Davies,09/11/1968,XXX-XX-0142,FL
1526,Patricia,Cooley,08/26/1987,XXX-XX-5355,WY
1594,Kerry,Adams,06/09/1991,XXX-XX-8122,RI
1889,Adrian,Higgins,06/05/1990,XXX-XX-5579,WV
1962,Nicholas,Crawford,10/18/1980,XXX-XX-3366,ND
1286,Jennifer,Galvan,12/30/1967,XXX-XX-3209,NJ
2030,April,Thomas,08/24/1962,XXX-XX-2295,NJ
862,Billy,Dawson,07/09/1994,XXX-XX-5061,KY
1473,Jennifer,Wilcox,10/16/1980,XXX-XX-5553,KS
392,Gavin,Brown,05/23/1986,XXX-XX-9853,AR
1802,James,Russell,07/25/1993,XXX-XX-4296,NH
1097,Timothy,Wilson,03/16/1985,XXX-XX-3011,MO
25,Michael,Schmidt,01/23/1981,XXX-XX-0951,UT
651,Sarah,Carrillo,05/24/1988,XXX-XX-9627,OH
43,Ann,Romero,03/16/1977,XXX-XX-1940,CT
1072,Mark,Sanchez,07/23/1962,XXX-XX-5707,IL
1869,Christopher,Williams,01/21/1973,XXX-XX-6972,AZ
92,Daniel,Stewart,01/06/1963,XXX-XX-8344,AZ
1107,Jason,Lopez,01/17/1958,XXX-XX-8706,WI
91,Grace,Garcia,06/30/1980,XXX-XX-5358,CO
940,Adam,Lee,01/22/1971,XXX-XX-5729,PA
593,Brian,Rivera,02/09/1979,XXX-XX-5280,WV
1327,Justin,Howard,03/21/1962,XXX-XX-7396,AL
1068,Bonnie,Joseph,10/10/1991,XXX-XX-0637,WI
98,Michael,Richard,08/12/1963,XXX-XX-1758,WI
1935,Matthew,Ortega,02/10/1959,XXX-XX-0957,AZ
1525,Christine,Sparks,06/26/1969,XXX-XX-9890,RI
1334,Troy,Reynolds,04/04/1967,XXX-XX-0710,NV
1267,Ronald,Taylor,07/09/1979,XXX-XX-5753,CA
1370,Donald,Lyons,06/10/1958,XXX-XX-4933,IN
1461,Lisa,Hicks,10/03/1990,XXX-XX-1465,MI
1383,Carolyn,Wells,11/27/1976,XXX-XX-6075,MA
1945,Sandra,Powers,10/10/1991,XXX-XX-0672,WA
1645,Dawn,Brown,03/10/1959,XXX-XX-8962,WY
807,George,Oconnell,03/31/1975,XXX-XX-5547,DE
1246,Jackson,Lucero,05/12/1963,XXX-XX-6377,MI
764,Travis,Smith,04/23/1992,XXX-XX-2120,LA
1653,Bianca,Wong,07/15/1978,XXX-XX-9401,LA
427,Willie,Allen,01/29/1993,XXX-XX-6874,RI
1321,Andrew,Rodgers,08/07/1991,XXX-XX-7522,ME
133,James,James,05/07/1981,XXX-XX-0406,OK
1105,Amy,Estrada,07/30/1984,XXX-XX-6593,WI
73,Mary,Carrillo,06/10/1960,XXX-XX-2605,NJ
892,Jamie,Jones,02/12/1980,XXX-XX-0066,HI
452,Carol,Foster,01/13/1988,XXX-XX-5822,DE
2056,Ann,Mitchell,06/14/1966,XXX-XX-6382,AK
1071,Cynthia,Robinson,05/10/1968,XXX-XX-2765,LA
548,Lauren,Allen,06/14/1968,XXX-XX-5523,AR
381,James,Baker,10/09/1973,XXX-XX-0137,OK
2053,Katherine,Glass,01/14/1966,XXX-XX-9120,NH
377,Lori,Alvarado,08/07/1987,XXX-XX-3011,AL
810,Elizabeth,Mack,10/31/1987,XXX-XX-0674,WI
678,Daniel,Rodriguez,07/05/1970,XXX-XX-5485,NC
103,Melanie,Garrett,12/13/1957,XXX-XX-9240,UT
1775,William,Landry,02/26/1973,XXX-XX-8042,MT
985,Chelsea,Gallagher,08/03/1993,XXX-XX-7805,VT
1931,Stephanie,Greer,04/10/1965,XXX-XX-7531,VA
174,Victoria,Mcdaniel,09/14/1965,XXX-XX-9517,CA
1187,Francisco,Archer,08/19/1981,XXX-XX-6654,AK
1141,Caroline,Morrison,04/24/1966,XXX-XX-1880,MO
1562,Mary,Daniel,06/12/1971,XXX-XX-9538,IL
655,Paul,Harris,03/27/1973,XXX-XX-1734,TX
949,Jay,Smith,04/02/1979,XXX-XX-8985,KY
1850,Ashlee,Hall,10/10/1962,XXX-XX-0455,MT
177,Meagan,Harrington,08/04/1988,XXX-XX-1677,IL
537,Jasmine,Ho,01/30/1977,XXX-XX-0531,MA
2027,Jill,Jones,10/10/1977,XXX-XX-4898,IL
1702,Kathryn,Rodgers,12/23/1979,XXX-XX-2077,CA
1059,Karen,Nolan,05/11/1988,XXX-XX-9034,MA
82,Randy,Johnston,07/25/1989,XXX-XX-6052,NC
2020,William,Doyle,02/14/1967,XXX-XX-8137,AR
1531,Dylan,Singh,08/12/1965,XXX-XX-1489,CT
1221,Erin,Norton,08/12/1991,XXX-XX-8009,NE
604,Jonathan,Bennett,02/08/1991,XXX-XX-0104,NJ
1878,Abigail,Wong,03/04/1988,XXX-XX-1896,FL
2008,Shawn,Bennett,07/19/1980,XXX-XX-0598,OK
202,Dawn,Kramer,09/11/1988,XXX-XX-7257,LA
1121,Steven,Taylor,01/21/1958,XXX-XX-0487,AL
124,Michael,Newton,08/02/1973,XXX-XX-8678,OK
843,James,Day,02/16/1991,XXX-XX-2205,VT
1871,Alec,Williams,08/08/1981,XXX-XX-3293,AL
389,Jill,Torres,02/27/1958,XXX-XX-9730,CT
2072,Stephanie,Sullivan,05/12/1973,XXX-XX-1275,NJ
1578,James,Knight,06/14/1970,XXX-XX-0910,TX
144,Brandon,Lyons,11/25/1963,XXX-XX-8469,ME
1614,Melinda,Martin,01/26/1974,XXX-XX-3356,CO
1703,Sara,Riley,04/04/1980,XXX-XX-8451,MA
1753,James,Parks,03/05/1972,XXX-XX-5111,MI
930,Andrew,Wilkerson,07/18/1961,XXX-XX-1067,AR
647,Gary,Rice,10/25/1965,XXX-XX-3962,WY
1885,Juan,Carr,10/10/1959,XXX-XX-1881,MT
388,Michael,Chapman,10/08/1993,XXX-XX-7919,NC
1130,Mike,Richardson,05/02/1975,XXX-XX-2258,AR
312,Daniel,Ramirez,07/05/1965,XXX-XX-9999,NJ
1867,Anna,Davies,01/08/1979,XXX-XX-2450,ID
868,Stephanie,Harper,04/15/1966,XXX-XX-2813,IL
1859,Christopher,Garcia,04/30/1962,XXX-XX-1247,AL
359,Joshua,Webb,10/29/1964,XXX-XX-4482,AR
2108,Kelly,Evans,01/25/1969,XXX-XX-1066,PA
752,Marissa,Davis,06/15/1975,XXX-XX-5270,AZ
90,Jermaine,Clark,04/12/1979,XXX-XX-5497,MA
733,Tanner,Medina,07/18/1958,XXX-XX-5988,VA
951,Donald,Dunlap,01/18/1993,XXX-XX-9427,NV
1628,Joseph,Ewing,11/21/1957,XXX-XX-6418,NJ
1243,Kimberly,Smith,01/07/1974,XXX-XX-9371,ME
1247,Nicholas,Obrien,05/11/1984,XXX-XX-2045,AL
917,Jason,Perez,06/18/1968,XXX-XX-5216,NY
2062,Jesse,Hernandez,01/10/1977,XXX-XX-1848,KS
413,Brendan,Newman,04/08/1980,XXX-XX-0507,PA
2066,Marisa,Cunningham,04/15/1963,XXX-XX-7660,SD
365,Christopher,Lee,11/03/1963,XXX-XX-2873,UT
654,Laura,Walker,01/02/1985,XXX-XX-7447,ME
625,Richard,Downs,09/14/1967,XXX-XX-7597,TN
62,Cynthia,Black,10/13/1957,XXX-XX-1892,WY
1695,Sara,Vazquez,04/08/1972,XXX-XX-1732,SD
1209,Logan,Reynolds,04/16/1994,XXX-XX-4618,NH
938,Michele,Brown,09/22/1978,XXX-XX-5035,NM
396,James,Rodriguez,01/25/1981,XXX-XX-3339,OR
458,Jason,Jennings,07/06/1972,XXX-XX-7206,CA
1590,Rebecca,Petty,01/27/1961,XXX-XX-3996,NV
1416,Jeremy,Wagner,12/29/1986,XXX-XX-2501,KY
1098,Mary,Vincent,09/01/1965,XXX-XX-2149,GA
1279,Nathan,Wolfe,05/03/1976,XXX-XX-2075,SC
492,Jose,Adkins,12/13/1971,XXX-XX-5374,WV
1979,Miranda,Mitchell,10/06/1967,XXX-XX-9105,UT
1224,Peter,Hunt,04/19/1966,XXX-XX-5402,IL
341,Katie,Lynn,10/17/1983,XXX-XX-3701,WA
598,Nancy,Smith,02/12/1965,XXX-XX-2243,SC
906,Adam,King,05/14/1990,XXX-XX-9527,OR
490,Shawna,Chan,12/17/1991,XXX-XX-6067,LA
296,Joseph,Dudley,07/17/1979,XXX-XX-6312,NH
1519,Lori,Gallagher,02/08/1957,XXX-XX-7013,KY
2004,Antonio,Velasquez,01/03/1984,XXX-XX-8910,MO
719,Steven,Harris,12/14/1970,XXX-XX-2872,NC
953,Amanda,Brown,01/27/1980,XXX-XX-2038,OR
1344,Ashley,Morales,04/25/1963,XXX-XX-9001,NV
778,Gina,Holder,03/30/1971,XXX-XX-0286,OK
1,Donald,Flores,04/06/1984,XXX-XX-5306,TX
1122,Tanner,Coleman,03/10/1959,XXX-XX-4304,WV
852,Julie,Burnett,05/04/1975,XXX-XX-8126,IA
335,Eric,Ball,04/13/1963,XXX-XX-4040,MO
1006,Alejandro,Harris,08/15/1976,XXX-XX-5703,MD
154,Cindy,Rojas,06/16/1989,XXX-XX-1963,OH
467,Nicole,Mueller,08/11/1991,XXX-XX-4424,NV
1332,Karen,Dennis,08/27/1983,XXX-XX-0487,TN
614,Austin,Rodriguez,09/06/1994,XXX-XX-0095,VA
2061,Frances,Stewart,05/02/1982,XXX-XX-1069,DE
1786,Katie,Camacho,09/24/1959,XXX-XX-2447,MN
541,Samuel,Huber,04/11/1981,XXX-XX-9237,MD
1322,Thomas,Hernandez,06/10/1964,XXX-XX-9293,VA
1343,Sharon,Bryant,05/08/1965,XXX-XX-9955,NH
1882,Daniel,Choi,03/10/1968,XXX-XX-1109,NV
835,Janice,Perry,06/04/1966,XXX-XX-9017,MA
1275,Lauren,Cruz,06/19/1985,XXX-XX-2521,AK
1017,Steven,Taylor,04/03/1976,XXX-XX-5758,DE
682,Teresa,Padilla,07/22/1984,XXX-XX-8415,ND
997,Andrew,Brooks,03/26/1967,XXX-XX-7690,RI
264,Antonio,Townsend,04/11/1992,XXX-XX-1545,MO
1777,Kristina,Hill,06/23/1984,XXX-XX-0946,NY
307,Sarah,Johnson,01/02/1968,XXX-XX-2953,IA
510,Aaron,Johnson,07/21/1970,XXX-XX-0554,IA
1696,Michael,Brown,02/01/1966,XXX-XX-8406,CO
640,Phillip,Brown,06/29/1994,XXX-XX-3100,KS
954,Kevin,Pollard,02/19/1977,XXX-XX-3147,IA
1124,Tommy,Castro,11/24/1987,XXX-XX-4794,OR
398,Courtney,Walker,10/29/1976,XXX-XX-6744,FL
2089,Daniel,Ramsey,09/01/1969,XXX-XX-5559,NC
959,Michael,Robbins,02/08/1981,XXX-XX-8280,IN
198,Robert,Murphy,10/05/1978,XXX-XX-4258,MD
1605,Matthew,Parks,01/15/1963,XXX-XX-4990,NJ
1310,Randy,Acosta,08/26/1983,XXX-XX-8896,NH
1152,Anna,Harrell,07/20/1979,XXX-XX-2164,NH
1891,Julie,Russell,06/01/1963,XXX-XX-9843,AZ
1909,Melissa,Martinez,01/13/1977,XXX-XX-3101,AR
123,Donna,King,05/22/1984,XXX-XX-5938,IA
2051,Ashley,Ryan,08/28/1975,XXX-XX-0520,CO
44,Joshua,Golden,09/04/1968,XXX-XX-9925,ME
60,Jared,Miranda,10/05/1987,XXX-XX-8276,MN
1549,Richard,Martinez,05/13/1992,XXX-XX-2702,VA
179,Kimberly,Andersen,08/04/1971,XXX-XX-1839,GA
1346,Kenneth,Moore,04/30/1982,XXX-XX-0900,IL
1470,Cheryl,Payne,06/11/1967,XXX-XX-0836,CT
1063,Lauren,Lewis,03/09/1957,XXX-XX-6569,NE
714,Rachel,Anderson,10/29/1991,XXX-XX-2308,DE
1742,Jessica,Snyder,05/27/1964,XXX-XX-3836,NM
1704,Edgar,Jennings,09/10/1974,XXX-XX-6853,VT
912,Mark,Brown,03/11/1973,XXX-XX-2028,AK
1981,Erica,Wilson,08/23/1962,XXX-XX-0180,NE
1647,Miguel,Pierce,02/18/1971,XXX-XX-7771,VT
120,Robert,Kim,03/03/1967,XXX-XX-6091,DE
703,Todd,Garza,10/22/1976,XXX-XX-3578,OH
440,Jessica,Thompson,03/13/1965,XXX-XX-1210,PA
1274,Erica,Waller,08/17/1987,XXX-XX-0085,WV
522,Thomas,Stark,12/02/1992,XXX-XX-0771,AZ
865,Emily,Morris,09/22/1973,XXX-XX-0441,MI
599,Jose,Jennings,05/24/1974,XXX-XX-5779,UT
915,Tricia,Stone,10/29/1992,XXX-XX-9831,VT
1311,Tiffany,Robertson,01/21/1987,XXX-XX-2229,NV
326,Stacy,Chambers,11/20/1974,XXX-XX-8177,IA
1503,Tyler,Davis,07/25/1975,XXX-XX-5636,MA
27,Scott,Mitchell,06/16/1958,XXX-XX-0295,NV
439,Samantha,House,09/18/1963,XXX-XX-1318,IN
839,Antonio,Jones,08/24/1968,XXX-XX-3726,ND
266,Christopher,Blackburn,11/17/1967,XXX-XX-6161,WI
817,Ryan,Hayes,12/19/1958,XXX-XX-2420,MN
375,Michelle,Hull,09/16/1965,XXX-XX-6277,WV
2034,Daniel,Bradley,06/24/1966,XXX-XX-7873,TN
1542,Jason,Alexander,07/24/1973,XXX-XX-3904,KY
911,Audrey,Crane,02/03/1968,XXX-XX-3433,ND
1089,Scott,Walker,07/06/1969,XXX-XX-2922,NH
920,Pamela,Andrews,05/17/1970,XXX-XX-7569,SC
1407,Andrew,Boone,11/23/1971,XXX-XX-7128,AZ
1287,William,Nash,03/25/1986,XXX-XX-6906,AK
288,Leah,Huynh,12/22/1973,XXX-XX-8917,WA
1678,Margaret,Peterson,01/11/1972,XXX-XX-6604,AL
1429,Richard,Neal,03/04/1983,XXX-XX-4798,DE
926,Brian,Frost,03/25/1962,XXX-XX-1600,AZ
947,David,Logan,11/23/1959,XXX-XX-4440,AZ
1932,Paige,Carter,07/15/1994,XXX-XX-0153,IL
2047,Jennifer,Garcia,02/03/1994,XXX-XX-6599,MA
557,Tom,Diaz,10/20/1968,XXX-XX-8562,MI
1317,Sean,Nguyen,12/07/1984,XXX-XX-7578,MO
1934,Chelsea,Gibson,11/12/1994,XXX-XX-5956,MS
2087,Kaitlyn,Navarro,06/03/1972,XXX-XX-7020,LA
1220,Alejandra,Castillo,01/07/1973,XXX-XX-7442,CT
552,Vanessa,Russell,05/09/1958,XXX-XX-7025,VT
121,Jeremy,Arias,04/08/1979,XXX-XX-0400,WI
1235,Jason,Hurley,01/16/1980,XXX-XX-8792,CO
2003,Shannon,Smith,10/08/1973,XXX-XX-5776,CT
1196,Justin,Goodwin,08/01/1969,XXX-XX-1175,AR
1437,Cynthia,Moreno,10/25/1979,XXX-XX-6949,IA
1319,Gary,Parker,08/23/1959,XXX-XX-8965,NC
1955,Sara,Ramirez,08/17/1994,XXX-XX-8224,WY
1170,Amanda,Kelly,05/04/1957,XXX-XX-4945,NE
1534,Marie,Fletcher,07/22/1957,XXX-XX-2740,NH
1750,Tamara,Sutton,02/22/1960,XXX-XX-6071,NE
1740,Denise,Reynolds,12/25/1980,XXX-XX-3349,VT
1675,Joshua,Jensen,09/16/1986,XXX-XX-1905,KY
1797,Megan,Taylor,09/25/1974,XXX-XX-0911,WV
1434,Kimberly,Harris,03/15/1980,XXX-XX-5957,UT
327,Matthew,Maldonado,08/12/1975,XXX-XX-2760,NC
259,Tyler,Odonnell,02/03/1958,XXX-XX-4977,MO
826,Crystal,Gillespie,09/01/1965,XXX-XX-2014,NJ
1035,Charles,Rangel,08/08/1958,XXX-XX-1578,WA
606,Janet,Conway,11/16/1982,XXX-XX-0264,MT
698,Gregory,Bell,11/07/1971,XXX-XX-1739,MD
2107,Jordan,Kennedy,11/18/1991,XXX-XX-3302,KS
272,Daniel,Peterson,10/15/1967,XXX-XX-5262,LA
1922,Suzanne,Duncan,08/05/1970,XXX-XX-1866,DE
1566,Jared,Cole,07/05/1993,XXX-XX-9210,CA
1479,Sarah,Gill,05/29/1979,XXX-XX-2475,ID
1953,Gina,Moon,04/16/1989,XXX-XX-6026,DE
1199,Kristen,Gomez,02/14/1994,XXX-XX-3365,CO
1565,Brandi,Herrera,08/21/1967,XXX-XX-2202,MO
785,Scott,Smith,07/08/1992,XXX-XX-7083,MO
525,Andrew,Rocha,11/15/1980,XXX-XX-6711,VA
1384,Carol,Gonzalez,05/15/1965,XXX-XX-7727,ND
34,Tyler,Allen,10/20/1990,XXX-XX-2723,LA
357,Eric,Stewart,11/02/1985,XXX-XX-1687,NE
338,Tara,Weiss,01/26/1984,XXX-XX-1537,KY
1132,Melissa,Long,04/17/1982,XXX-XX-0270,WI
600,Austin,Moran,11/08/1986,XXX-XX-4629,MO
1646,Sheila,Fuentes,07/26/1969,XXX-XX-0928,GA
820,Michael,Jackson,05/06/1961,XXX-XX-0399,ND
761,Alexander,Robbins,05/28/1961,XXX-XX-1810,NY
1167,William,Young,10/08/1957,XXX-XX-6502,IN
812,Amber,Collins,05/18/1976,XXX-XX-2118,NV
185,Sarah,Ware,02/13/1986,XXX-XX-5840,OR
1242,James,Sanchez,09/18/1986,XXX-XX-9729,WV
718,Mary,Cisneros,02/20/1979,XXX-XX-6532,IN
1264,Lisa,Peterson,07/17/1991,XXX-XX-0624,TX
1943,David,Hunt,11/10/1958,XXX-XX-8751,CA
424,Heather,Eaton,12/29/1988,XXX-XX-4343,ME
1040,Christine,Long,01/15/1963,XXX-XX-4307,OH
1081,Edward,Rogers,07/31/1992,XXX-XX-4719,RI
1512,Robert,Hernandez,10/30/1977,XXX-XX-5768,VT
916,Matthew,Wells,03/19/1982,XXX-XX-3424,IA
1333,Ellen,Jackson,07/21/1968,XXX-XX-6239,PA
364,Thomas,Brown,01/11/1962,XXX-XX-6614,AK
1634,Karen,Thompson,08/05/1972,XXX-XX-0708,HI
126,Debra,Barr,02/12/1989,XXX-XX-7326,MT
567,Melissa,Johnson,05/27/1983,XXX-XX-3935,LA
414,Ronald,Boyd,11/04/1983,XXX-XX-7000,MS
1010,Adam,Davis,03/14/1959,XXX-XX-9864,NJ
1014,James,Erickson,02/17/1979,XXX-XX-6184,RI
1208,William,Lane,04/15/1982,XXX-XX-0409,VT
53,John,White,02/24/1982,XXX-XX-4393,ME
722,Pamela,Ortiz,03/13/1990,XXX-XX-6253,PA
1391,Donna,Clark,04/07/1987,XXX-XX-3543,NC
670,Mike,Burke,05/09/1979,XXX-XX-3812,NY
2049,Michelle,Hill,01/26/1957,XXX-XX-2454,AL
423,Dana,Davis,03/02/1967,XXX-XX-4598,MT
1181,Brittany,Webster,01/28/1980,XXX-XX-2296,TX
899,Justin,Romero,05/25/1988,XXX-XX-5569,OH
1396,Brandon,Miller,04/01/1974,XXX-XX-2443,NM
648,Melissa,Hendricks,09/16/1961,XXX-XX-6637,KS
245,Kimberly,Scott,10/10/1964,XXX-XX-2120,OK
845,Amy,Williams,10/10/1958,XXX-XX-0952,AK
1950,William,Wright,11/16/1975,XXX-XX-7918,MD
362,Rachel,Mcdowell,04/26/1979,XXX-XX-2963,AK
470,Barbara,Estrada,12/20/1983,XXX-XX-0289,NV
539,William,Jones,08/13/1967,XXX-XX-4239,MD
766,Michael,Williams,05/27/1971,XXX-XX-4633,OK
450,Adrian,Parker,04/08/1986,XXX-XX-9399,CO
1210,Ashley,Rivera,07/23/1964,XXX-XX-7934,NE
923,Matthew,Griffin,01/02/1987,XXX-XX-3734,VT
378,Taylor,Norman,02/06/1987,XXX-XX-7109,UT
1297,Harry,Roberts,02/27/1968,XXX-XX-9243,IN
1294,Shawn,Snyder,04/14/1965,XXX-XX-9603,OK
617,Courtney,Sanchez,12/23/1969,XXX-XX-5491,OK
2100,Cory,Nguyen,02/13/1988,XXX-XX-9204,NH
1300,Dillon,Porter,07/08/1994,XXX-XX-3794,FL
1720,William,Leach,06/11/1975,XXX-XX-5386,NV
1119,Amanda,Sanders,06/17/1964,XXX-XX-8479,VT
1949,Bernard,Kim,10/04/1968,XXX-XX-3296,IL
1020,Susan,Mendez,02/23/1989,XXX-XX-6760,HI
512,Lindsay,Harris,09/23/1967,XXX-XX-4974,IL
1825,Elizabeth,Mckay,06/18/1975,XXX-XX-4629,MA
1355,Laura,Gonzalez,02/23/1991,XXX-XX-0054,CO
314,Amanda,Ross,06/06/1957,XXX-XX-0611,KY
597,Alejandro,Scott,11/05/1968,XXX-XX-3244,OK
370,Derek,Sanchez,12/04/1964,XXX-XX-1818,MI
895,Patrick,King,06/20/1973,XXX-XX-2638,ME
1846,Jill,Hamilton,11/07/1991,XXX-XX-9698,CA
2063,Brooke,Peterson,07/31/1965,XXX-XX-1545,MS
995,Michael,Haas,10/12/1961,XXX-XX-8176,WY
2065,Laura,Clark,11/01/1983,XXX-XX-9301,SC
907,Debbie,Hill,06/12/1968,XXX-XX-0343,LA
1049,Mike,Miller,11/20/1980,XXX-XX-6130,MT
1993,Gabriel,Peters,12/27/1987,XXX-XX-3489,TX
1545,Jeffrey,Brown,12/03/1988,XXX-XX-0673,CA
473,Jason,Campbell,07/24/1976,XXX-XX-3475,UT
1896,Anne,Gill,05/24/1989,XXX-XX-0549,ME
520,Katherine,Wilson,12/16/1972,XXX-XX-2381,VT
218,Joseph,Mcintosh,07/17/1961,XXX-XX-1041,TN
662,Erin,Ortiz,07/25/1962,XXX-XX-1510,TX
1907,Donald,Foster,07/05/1984,XXX-XX-2750,IL
1612,Erin,Gallegos,02/20/1990,XXX-XX-0552,SC
1171,Stephen,Reed,05/18/1960,XXX-XX-5458,MT
731,Ashley,Gutierrez,12/11/1991,XXX-XX-0123,ME
1335,Eileen,Benson,11/07/1966,XXX-XX-5795,IL
781,Reginald,Jackson,08/10/1965,XXX-XX-6778,CT
1778,Felicia,Edwards,12/26/1983,XXX-XX-0974,IA
113,Dawn,Schmidt,12/08/1982,XXX-XX-2713,TX
391,Jill,Hall,11/13/1983,XXX-XX-8813,AZ
1845,Laura,Fox,11/05/1990,XXX-XX-8109,NE
158,Darlene,Ellis,09/13/1994,XXX-XX-3881,KY
1320,Lisa,Harris,10/22/1959,XXX-XX-0170,FL
1951,David,Miller,04/13/1976,XXX-XX-1387,MT
69,Eric,Clark,11/21/1971,XXX-XX-3894,ME
1759,Rachel,Washington,11/07/1985,XXX-XX-8983,WI
1365,Bianca,Torres,12/28/1978,XXX-XX-7874,TN
1671,Angela,Smith,03/13/1961,XXX-XX-5600,NY
1424,Pamela,Hale,10/30/1969,XXX-XX-3067,ME
635,Kyle,Rivera,12/12/1992,XXX-XX-3275,AR
1044,Shari,Stewart,02/26/1970,XXX-XX-8470,IA
2035,Nathan,Sheppard,08/07/1968,XXX-XX-8280,MI
1371,Patricia,Ferguson,04/27/1959,XXX-XX-5356,AR
238,Natalie,Porter,02/05/1974,XXX-XX-1071,DE
286,Robert,Anderson,05/27/1982,XXX-XX-4340,TN
1131,Andrew,Howard,08/11/1965,XXX-XX-5489,AL
477,Randy,Mack,09/17/1976,XXX-XX-8346,AZ
1763,Crystal,Thomas,07/23/1972,XXX-XX-9079,OR
1963,Angela,Reyes,07/26/1959,XXX-XX-4418,KY
72,Charles,Williams,01/09/1972,XXX-XX-1525,KY
1450,Andrea,Brown,12/28/1967,XXX-XX-9598,IN
504,Timothy,Henson,04/18/1987,XXX-XX-0242,WY
1789,Terri,Levine,03/29/1987,XXX-XX-6427,VT
971,Jesse,Pacheco,07/17/1969,XXX-XX-0584,CA
247,Julie,Jacobs,04/12/1984,XXX-XX-4568,NE
279,Stephanie,Hoover,08/30/1990,XXX-XX-5541,UT
2104,Veronica,Blake,05/28/1991,XXX-XX-4434,UT
2036,Matthew,Smith,08/10/1958,XXX-XX-1697,WY
1329,Elizabeth,Lynn,08/01/1993,XXX-XX-2211,KY
540,Devin,Johnson,07/11/1964,XXX-XX-3213,UT
284,Cameron,Turner,08/02/1964,XXX-XX-6438,NC
1548,Luke,Robinson,04/10/1993,XXX-XX-5430,TN
1834,Cheryl,Carpenter,01/03/1994,XXX-XX-8234,LA
183,Loretta,Ramirez,12/20/1980,XXX-XX-6782,AR
1843,Anthony,Garner,06/16/1993,XXX-XX-9060,ND
888,Walter,West,09/04/1967,XXX-XX-7787,NV
594,Todd,Brown,04/30/1978,XXX-XX-6104,NM
562,Jenny,Reed,08/23/1968,XXX-XX-9156,WY
1337,Joseph,Paul,02/08/1994,XXX-XX-9283,NJ
666,Samantha,Brewer,09/13/1994,XXX-XX-0433,ND
309,Jacqueline,Shelton,11/27/1984,XXX-XX-7295,MO
967,Patricia,Hamilton,07/07/1991,XXX-XX-5191,NE
110,Megan,Cook,05/21/1974,XXX-XX-5748,HI
936,Thomas,Caldwell,01/25/1987,XXX-XX-7036,TX
1433,Samuel,Ryan,01/24/1993,XXX-XX-2946,NJ
1879,Kayla,Monroe,01/10/1969,XXX-XX-4972,ND
404,Jessica,Harper,11/28/1978,XXX-XX-3504,MI
152,Chad,Copeland,05/07/1967,XXX-XX-9661,WA
46,Joseph,Anthony,03/06/1989,XXX-XX-5196,TX
984,Madeline,Irwin,09/03/1958,XXX-XX-0671,AK
318,Chad,West,01/12/1974,XXX-XX-1189,MN
225,Aaron,Brown,09/02/1970,XXX-XX-8081,KS
1266,Megan,Powell,02/21/1962,XXX-XX-6166,KS
354,Ivan,Conley,01/25/1982,XXX-XX-0309,CA
344,Bianca,Page,02/22/1987,XXX-XX-3023,NM
1202,Matthew,Henry,03/30/1981,XXX-XX-6295,RI
1233,Wesley,Smith,05/17/1975,XXX-XX-7758,AR
1986,Shannon,Torres,01/06/1983,XXX-XX-1380,MS
2121,Noah,Herman,02/13/1964,XXX-XX-7801,ME
1684,Christina,Morgan,03/05/1963,XXX-XX-5012,CO
111,Lisa,Williams,07/14/1991,XXX-XX-5641,SD
715,Angela,Adams,05/09/1973,XXX-XX-7304,MO
869,Deborah,Anthony,04/02/1980,XXX-XX-8077,ND
514,Jeffrey,Owens,09/05/1972,XXX-XX-6976,MT
1787,Kevin,Howard,05/31/1980,XXX-XX-8767,KY
229,Tina,Peters,07/08/1959,XXX-XX-3646,MO
1200,Louis,Hart,05/09/1957,XXX-XX-5742,RI
1352,Juan,Barry,04/07/1964,XXX-XX-0783,VA
1184,Michael,Garrett,09/17/1965,XXX-XX-4728,IN
896,Justin,Miller,08/08/1993,XXX-XX-6228,NE
287,Chad,Robinson,08/30/1976,XXX-XX-1062,RI
763,Daniel,Callahan,05/31/1979,XXX-XX-8277,NV
609,William,Payne,05/25/1966,XXX-XX-6537,NJ
993,Alvin,Shea,07/30/1972,XXX-XX-5567,PA
658,Joseph,Cox,06/06/1969,XXX-XX-3058,MO
1677,William,Miranda,01/14/1976,XXX-XX-8664,NJ
890,Christopher,Mcintosh,11/11/1963,XXX-XX-6744,NY
876,Ashley,Herring,05/21/1984,XXX-XX-7136,CA
22,Jeremy,Ellis,10/14/1961,XXX-XX-5018,LA
1047,James,Miller,08/14/1976,XXX-XX-6770,VT
1367,Jimmy,Walker,06/13/1991,XXX-XX-8798,CA
795,Pamela,Huynh,07/02/1980,XXX-XX-6706,AZ
831,Sherri,Nguyen,06/17/1963,XXX-XX-7282,AR
1253,Victor,Gonzales,12/20/1956,XXX-XX-6873,AR
934,Kevin,Johnson,05/31/1990,XXX-XX-2470,UT
104,Stephanie,Walker,02/06/1978,XXX-XX-3945,GA
1362,Matthew,Taylor,04/06/1968,XXX-XX-2274,WA
429,Renee,Decker,02/04/1988,XXX-XX-8096,UT
1903,Jonathan,Avila,05/31/1965,XXX-XX-7342,CO
1523,Mary,Lee,09/02/1966,XXX-XX-1358,WV
33,Andrew,Jennings,04/22/1988,XXX-XX-8660,CA
1206,Ashley,Fernandez,09/14/1990,XXX-XX-6998,PA
1011,Thomas,Kidd,12/12/1982,XXX-XX-7421,WV
1075,Thomas,Shaffer,12/14/1963,XXX-XX-4522,FL
1052,John,Douglas,09/26/1975,XXX-XX-6117,AR
684,Robert,Benitez,10/24/1957,XXX-XX-0167,IA
1328,Micheal,Ramirez,07/31/1985,XXX-XX-3317,LA
386,Jennifer,Watson,09/10/1989,XXX-XX-6997,UT
445,Sarah,Mitchell,10/01/1957,XXX-XX-7146,NY
1021,Erica,Moore,03/20/1957,XXX-XX-0654,MN
1969,Michael,Pruitt,11/14/1985,XXX-XX-6561,WA
487,Jennifer,Johnson,04/15/1980,XXX-XX-5708,LA
739,Darrell,Moreno,11/30/1980,XXX-XX-7021,AK
1331,Andrew,Barrett,08/16/1959,XXX-XX-1591,MT
1648,Michael,Le,12/28/1986,XXX-XX-1535,NV
380,Ryan,Myers,07/09/1973,XXX-XX-0813,LA
1694,Courtney,Rivera,01/18/1961,XXX-XX-8563,SD
1139,Michelle,Parrish,05/26/1963,XXX-XX-8720,WV
558,Ronnie,Nash,06/05/1959,XXX-XX-1227,OH
356,Jesse,Jackson,08/11/1973,XXX-XX-7626,TX
95,Paula,Gilbert,07/13/1969,XXX-XX-6532,LA
2059,Jared,Martin,04/05/1977,XXX-XX-3266,OK
894,Joshua,Massey,06/21/1993,XXX-XX-9713,NE
1796,William,Martin,01/09/1957,XXX-XX-1042,AR
1053,Ernest,Guzman,01/24/1969,XXX-XX-6904,RI
2124,Lisa,Porter,07/28/1962,XXX-XX-0789,WI
1165,Carlos,Diaz,06/25/1972,XXX-XX-9779,NE
1812,Richard,Neal,12/08/1976,XXX-XX-4878,ID
101,Andres,Rivera,05/19/1993,XXX-XX-2760,PA
515,Nicole,Neal,03/23/1968,XXX-XX-7256,ND
697,Kimberly,Stephens,07/28/1981,XXX-XX-8363,AR
1660,Erika,Dalton,03/23/1990,XXX-XX-6658,NJ
1774,Catherine,Osborne,06/08/1986,XXX-XX-0018,OH
530,Amanda,Miller,10/08/1990,XXX-XX-0431,WV
1493,Kristin,Johnson,05/18/1980,XXX-XX-1647,WV
571,William,Rush,10/26/1980,XXX-XX-4311,WA
858,Joe,Brown,03/13/1994,XXX-XX-9088,KS
1133,Kimberly,Nelson,12/04/1978,XXX-XX-2012,AZ
1496,Heather,Foster,01/07/1959,XXX-XX-8466,MO
1345,Brandy,Lambert,09/06/1982,XXX-XX-8681,OH
969,Amy,Small,05/19/1993,XXX-XX-3612,NH
825,Christopher,Francis,10/31/1982,XXX-XX-8536,IA
1480,Lorraine,Butler,10/13/1981,XXX-XX-1324,RI
1262,Timothy,Scott,04/11/1978,XXX-XX-2563,WI
1256,Adam,Leonard,05/14/1982,XXX-XX-3927,SD
607,Ashley,Baker,10/07/1991,XXX-XX-3210,WI
165,Carolyn,Owens,05/02/1979,XXX-XX-9140,CA
1989,Michelle,Nolan,04/28/1963,XXX-XX-2978,CO
689,Thomas,Rose,06/19/1979,XXX-XX-6533,OR
1475,Robert,Flores,04/17/1973,XXX-XX-1191,NE
1268,Bryan,Whitehead,01/10/1989,XXX-XX-9651,NV
1800,Michael,Decker,07/17/1959,XXX-XX-4721,TN
957,Taylor,Watson,09/17/1986,XXX-XX-5802,ME
633,Hannah,Richards,09/10/1978,XXX-XX-3709,MO
575,Haley,Sanchez,10/10/1991,XXX-XX-2490,VA
192,Cynthia,Gray,09/10/1957,XXX-XX-7826,GA
1975,Elizabeth,May,04/07/1987,XXX-XX-5485,ND
164,Tracy,Miles,05/21/1976,XXX-XX-1924,NY
313,James,Herrera,04/27/1958,XXX-XX-6143,NM
664,Benjamin,Galvan,06/14/1969,XXX-XX-7125,OR
659,David,Choi,12/06/1970,XXX-XX-2416,GA
1973,Jeffrey,Mccarty,02/27/1990,XXX-XX-9024,NC
1174,Sherry,Monroe,05/18/1985,XXX-XX-3276,LA
838,Michael,Gonzalez,02/26/1977,XXX-XX-6500,NH
1771,Darren,Harrell,03/06/1962,XXX-XX-5656,OR
1705,Joseph,Long,07/31/1981,XXX-XX-2926,ND
867,Tammy,Curry,12/13/1990,XXX-XX-6118,CO
379,Anthony,Thomas,09/03/1964,XXX-XX-5389,TN
1819,Rodney,Lawson,10/22/1988,XXX-XX-6989,NM
770,Steven,Gould,06/15/1969,XXX-XX-1538,MN
2069,Austin,Cox,01/07/1983,XXX-XX-9405,LA
383,Shelly,Miller,04/30/1962,XXX-XX-5240,IL
1937,Rachel,Pratt,12/05/1966,XXX-XX-4743,AR
1586,John,Hill,01/07/1992,XXX-XX-7717,TX
1795,Gerald,Hernandez,03/01/1982,XXX-XX-3648,CA
1227,Donald,Richardson,05/25/1969,XXX-XX-2416,CA
1172,Philip,Cannon,01/19/1992,XXX-XX-2516,CA
2031,William,King,06/10/1967,XXX-XX-5590,AK
1226,Lee,Reed,05/25/1987,XXX-XX-0149,OR
1126,Veronica,Strickland,04/20/1974,XXX-XX-4151,NH
533,James,Gonzalez,01/07/1965,XXX-XX-2194,NC
1114,Jacqueline,Ward,12/20/1986,XXX-XX-4524,NH
215,Jose,Johnson,05/22/1967,XXX-XX-2628,ND
1451,Ronald,Smith,09/28/1957,XXX-XX-4374,DE
1214,Katherine,King,09/26/1963,XXX-XX-6189,RI
701,Carla,Burnett,09/07/1977,XXX-XX-0943,CA
2017,Evelyn,Bradley,06/18/1957,XXX-XX-0969,SC
1193,Thomas,Jordan,02/17/1958,XXX-XX-2612,PA
1398,Eric,Hernandez,06/03/1959,XXX-XX-8875,IL
1056,Stephen,Hicks,10/23/1966,XXX-XX-6660,VT
891,Terri,Richardson,08/09/1965,XXX-XX-9746,IL
990,Charlotte,Evans,04/27/1973,XXX-XX-5916,PA
1964,Jeffrey,Rose,07/25/1959,XXX-XX-3871,FL
792,Jeanne,Williams,12/10/1964,XXX-XX-6601,TX
932,Rebecca,Anderson,03/18/1978,XXX-XX-7809,MN
1380,Jacob,Chavez,10/10/1978,XXX-XX-4084,PA
529,Richard,Nelson,11/04/1992,XXX-XX-1489,FL
1626,Alison,Collins,09/10/1991,XXX-XX-8839,LA
1066,Holly,Fox,08/11/1985,XXX-XX-3929,WY
738,Carolyn,Williams,03/01/1978,XXX-XX-7077,RI
447,Cathy,Cooper,02/15/1994,XXX-XX-8979,MT
1633,Keith,Horn,12/13/1988,XXX-XX-3102,MI
1472,Suzanne,Saunders,10/29/1966,XXX-XX-1282,GA
1029,William,Molina,03/18/1989,XXX-XX-9180,AK
2075,Steven,Stanton,12/09/1993,XXX-XX-0927,MO
1710,Bryan,Stephens,05/01/1991,XXX-XX-9078,TX
1793,Aaron,Allen,12/14/1969,XXX-XX-6459,HI
20,Gina,Hunt,08/12/1986,XXX-XX-3821,NV
1111,Lori,Wilson,12/03/1980,XXX-XX-3755,IA
114,Kristi,Spencer,08/30/1963,XXX-XX-3145,NE
1616,Michelle,Huffman,05/13/1974,XXX-XX-5948,AL
970,Valerie,Simmons,08/07/1973,XXX-XX-4323,AR
762,John,Medina,12/24/1959,XXX-XX-5244,GA
730,Denise,Ewing,09/02/1974,XXX-XX-5290,LA
878,Anna,Meyers,06/14/1976,XXX-XX-6602,AZ
1947,Ashley,Bray,10/01/1981,XXX-XX-8804,WV
1976,Gabrielle,Ochoa,12/02/1969,XXX-XX-5306,ME
873,Brandon,Dunn,11/29/1973,XXX-XX-4941,FL
329,Elizabeth,Chavez,12/04/1960,XXX-XX-2197,MI
1252,Kyle,Rios,04/06/1967,XXX-XX-2992,WA
1830,Jason,Hill,07/27/1991,XXX-XX-4407,IL
749,Kristen,Li,05/25/1991,XXX-XX-3025,MD
660,Charles,Simmons,10/19/1972,XXX-XX-4900,WA
2094,Derek,Dixon,05/22/1963,XXX-XX-2196,AK
61,Sarah,Williams,07/30/1992,XXX-XX-0343,AK
1271,Kaitlin,Costa,08/26/1989,XXX-XX-7674,VT
2032,Matthew,Jones,11/30/1989,XXX-XX-0361,MA
324,Molly,Bennett,07/14/1984,XXX-XX-4164,MA
649,Bobby,Jones,02/15/1968,XXX-XX-1848,NH
1061,Jennifer,Lewis,04/13/1968,XXX-XX-4353,ID
1507,Brian,Wilson,02/14/1963,XXX-XX-0693,GA
1567,Thomas,Graham,10/02/1988,XXX-XX-5911,MA
1655,Deborah,Acosta,07/08/1992,XXX-XX-1988,ID
1591,Mitchell,Cook,02/08/1988,XXX-XX-4451,PA
1205,Amy,Jacobs,08/20/1957,XXX-XX-4913,RI
611,Kimberly,Williams,10/02/1962,XXX-XX-1474,OH
55,John,Williams,05/11/1963,XXX-XX-8882,MO
1617,Bernard,Martinez,01/01/1959,XXX-XX-2910,SC
588,Allison,Walter,10/21/1978,XXX-XX-5582,WY
840,William,Boyle,05/25/1986,XXX-XX-3702,SD
184,Jessica,Howell,11/02/1962,XXX-XX-8142,WA
128,Christine,Anthony,01/18/1989,XXX-XX-0561,NY
644,Samuel,Jones,06/10/1989,XXX-XX-3255,CT
1738,Kyle,Moore,09/18/1970,XXX-XX-5398,ND
373,Brittany,Vance,07/06/1974,XXX-XX-3913,TN
1302,Laura,Jacobson,02/05/1962,XXX-XX-9901,WV
1611,Erin,Briggs,02/25/1987,XXX-XX-6681,AR
1596,Stephen,Smith,05/13/1963,XXX-XX-9670,MI
1368,Douglas,Clark,03/10/1982,XXX-XX-7437,NV
1766,Brandon,Oneal,01/08/1985,XXX-XX-1872,MI
509,Andrew,Baldwin,07/19/1960,XXX-XX-9735,MO
222,Anna,Schroeder,03/27/1972,XXX-XX-3797,KY
1808,Valerie,Stone,01/07/1994,XXX-XX-8118,NE
980,Sean,Sanchez,11/29/1963,XXX-XX-1009,WI
1476,Vanessa,Graham,09/21/1972,XXX-XX-1982,NY
2009,Katherine,Anderson,09/26/1988,XXX-XX-8425,ME
2076,Erica,Gonzalez,08/29/1967,XXX-XX-7362,NC
1659,Stacy,Johnson,10/27/1980,XXX-XX-7345,FL
434,Kevin,Watts,06/20/1957,XXX-XX-3488,NH
119,Emily,Nguyen,11/27/1960,XXX-XX-6079,NV
244,Lynn,Hall,04/12/1977,XXX-XX-7857,OK
804,Gail,Johnson,06/06/1990,XXX-XX-3613,CT
212,Connie,Olsen,12/30/1988,XXX-XX-6860,OH
417,Michael,Church,11/27/1959,XXX-XX-5079,KY
555,Mike,Wilson,12/23/1962,XXX-XX-7316,MN
519,Crystal,Fisher,11/10/1972,XXX-XX-9745,ID
232,Charles,Duncan,02/14/1980,XXX-XX-9851,NC
898,Roy,Perkins,10/10/1988,XXX-XX-8096,FL
24,Dustin,Jackson,01/06/1979,XXX-XX-2345,HI
2086,Laura,Contreras,05/17/1962,XXX-XX-6546,WY
1709,Timothy,Morton,07/02/1993,XXX-XX-3871,SD
1606,John,Morrison,01/10/1984,XXX-XX-4470,MA
1917,Joseph,Wood,11/02/1957,XXX-XX-5341,FL
928,Oscar,Romero,03/08/1987,XXX-XX-5634,IL
1175,Shannon,Wilson,11/19/1969,XXX-XX-3974,UT
1500,James,Armstrong,07/23/1975,XXX-XX-4550,ND
848,Ronnie,Ellison,04/22/1980,XXX-XX-2267,WA
216,Joshua,Wilcox,09/27/1986,XXX-XX-7150,OK
274,Bryan,Rocha,02/03/1964,XXX-XX-8996,AZ
756,Matthew,Flynn,10/05/1957,XXX-XX-1385,VA
1925,Amanda,Turner,12/28/1960,XXX-XX-7060,MN
1731,Steven,White,03/05/1959,XXX-XX-4892,MA
1019,Andrea,Berry,02/14/1989,XXX-XX-6290,AL
1155,Shawn,Burke,01/01/1960,XXX-XX-9071,CA
449,Rhonda,Wilson,01/08/1987,XXX-XX-0832,VT
115,Jay,Hart,05/14/1963,XXX-XX-6255,CT
1636,Ashley,Martinez,04/13/1986,XXX-XX-5385,NV
84,Elizabeth,Johnston,08/03/1974,XXX-XX-2936,IL
1478,Andrew,Acevedo,06/29/1991,XXX-XX-6963,MT
384,Michelle,Lynch,03/28/1972,XXX-XX-8040,PA
1582,Cristian,Gibbs,02/08/1963,XXX-XX-9478,CT
